0.12066,1.7362,0.0016948,8.0464,0.18272,-2.6426e-06,0,16.45,8.5243,0,1.7986,1.8047,0.057218,0,11.586,4.4563,-2.8639e-06,0.12457,36.362,5.95,1.1739,0.70481,0.061645,0.29771,0.46336
0.29095,0.0020169,0.086245,7.6441,0.050124,2.0292,0.056006,0.52446,4.3321,0,0.79482,2.5705,0,0.010259,0.57226,4.526,-2.8639e-06,1.1045,16.614,9.814,0.26856,2.0567,0.018006,1.3072,2.3114
4.6571,1.3682,0.17137,14.092,5.9591,2.5162,0.0011367,4.1622,5.6641,0.42212,0.087538,1.4519,0,0,2.8318,7.8256,-2.8639e-06,4.3904,4.0093,3.5626,0.092591,0.2548,0.06227,7.1088,4.0131
0.43015,3.8575,0.0086252,10.931,11.586,0.30292,0,0.77096,1.6856,4.4038,5.2797,2.0274,0,0.98586,1.448,8.4613,0.27929,1.0224,0.40727,1.3351,0.049976,12.092,0.55833,0.69727,2.9451
0,8.8206,-3.5763e-06,0.48811,12.566,1.1189,0,13.313,0.24967,0.17192,8.7281,0.43149,0.14201,0.40487,0.019088,4.2198,0.59289,0.5721,0.79509,0.50325,1.3207,1.0517,1.1078,0.74163,1.0361
0.014094,2.5653,-3.5763e-06,0,7.237,0.026689,0,2.5541,0.55004,0,3.7841,8.9151,0.0027711,7.0745,0.0031537,0.90641,6.6652,0.086759,0.72264,0.72174,1.0004,0.68189,0.29692,7.0166,0.10345
0,0.39113,-3.5763e-06,0,4.5529,-2.6426e-06,1.7933,0.12149,0.094666,3.2687,0.73273,23.068,3.7527,0.095233,1.2726,-5.3132e-06,7.1923,1.7729,0.66538,3.2895,0.045982,1.3288,0.17364,2.4791,0.15721
0,13.598,-3.5763e-06,0.077603,2.1244,0.097468,1.5315,0.29797,-4.6184e-06,2.6304,8.4843,12.88,0.016348,0,7.1001,10.978,7.2131,4.1061,0.074806,0.92402,0.04966,3.7612,0.1293,1.1307,0.091624
7.2373,9.0051,-3.5763e-06,0,-9.5647e-07,0.05364,0,1.486,0.0069362,10.056,19.129,0.39525,0.034625,0,2.1758,2.5309,18.299,4.8438,0.24723,2.5295,0.13839,2.5032,0.43943,0.31855,0.0039457
17.32,15.748,-3.5763e-06,0.058253,0.00090054,0.061919,0,-2.5267e-06,0.12659,12.194,7.9604,3.5484,2.2529,0,0.59044,0.10185,9.1234,2.1136,0.93894,16.298,0.67659,7.5096,1.9165,0.010398,0.24741
11.437,17.553,-3.5763e-06,0.56399,-9.5647e-07,0.4536,0,-2.5267e-06,-4.6184e-06,6.1337,2.0723,0.26108,3.0136,0.10985,0.44834,1.2012,10.42,0.11468,1.3776,19.36,0.30024,17.643,4.788,0.14495,0.36846
1.0908,24.034,-3.5763e-06,0.16197,-9.5647e-07,0.282,0,-2.5267e-06,0.4173,0.24395,0.16092,0.47317,16.033,0.14899,1.4607,0.43203,5.8675,0.0073067,0.81719,6.7448,0.088052,2.2097,6.4298,1.1378,1.503
0.54239,10.126,-3.5763e-06,0.40477,-9.5647e-07,2.4416,0,-2.5267e-06,0.35065,2.8648,3.067,3.4935,4.9434,0.48944,2.7192,1.3916,13.252,0.17883,0.26595,7.0649,0.15091,3.3136,2.1324,0.21255,5.6583
4.1405,7.7661,-3.5763e-06,0.58253,-9.5647e-07,1.285,0,1.2209,2.8491,10.611,0.26953,2.9982,6.8362,0.030355,1.9426,0.60275,11.361,3.5875,0.024997,8.6573,5.2131,6.4795,0.97557,-3.566e-06,9.1377
3.4692,1.0172,-3.5763e-06,1.7331,-9.5647e-07,0.47086,0,7.027,0.18573,5.9499,2.4092,1.6208,4.1088,0.0067865,0.40991,0.80808,3.173,11.77,-1.7872e-06,8.2908,14.415,8.3059,0.1368,0.087028,0.47635
0.55613,2.2757,0.21253,8.7462,1.1739,0.40892,0,12.405,-4.6184e-06,5.4619,1.456,0.14598,0.062655,0.79478,1.4956,0.012599,1.3245,4.7797,0.016531,4.2936,11.778,10.041,0.22745,0.59109,0.025749
0.42999,3.8242,1.2896,3.1774,1.0537,0.0691,0,7.1911,0.20764,1.3214,0.037955,0,0.23153,0,0.26043,0.29762,0.21465,2.2898,0.36169,14.635,4.8678,2.4271,0.15131,0.93498,0.063121
1.29,1.2035,0.30094,3.8211,0.80637,-2.6426e-06,0.03502,0.57067,0.32174,0.63718,0.27977,0,0.054445,0,0.84659,0.0031563,1.645,3.3223,0.7547,3.8715,10.308,3.5992,0.11986,0.58843,0.0011
0.15566,0,0.030544,2.0183,3.6098,-2.6426e-06,2.7486,0.79829,0.08787,0,-2.4848e-06,0,0.011977,0,5.4273,0.43713,0.59848,7.9604,1.1736,7.4586,3.962,2.2959,2.0374,2.5994,0.011293
0.15184,0,0.023737,1.2109,0.91113,8.991e-05,3.015,1.3253,-4.6184e-06,0,0.45019,0,0,0,20.401,0.32985,0.037187,4.553,3.7145,0.51572,9.9774,4.1189,0.72049,7.6392,0.10427
0.47923,0.00036735,0.084063,5.4742,0.16935,1.3839,0.36675,0.086456,-4.6184e-06,9.1841e-05,4.1375,0,0,0.034519,6.3614,-5.3132e-06,8.9046e-05,8.2931,2.7258,0.51587,6.5204,1.1072,0.75088,13.182,0.6585
0.0048944,0,2.7414,8.0014,5.4844,4.333,0,3.7342,0.026798,0.0062068,11.062,2.2515,0,0,24.808,0.25779,-2.8639e-06,0.51006,4.197,0.9282,6.7543,1.5516,0.53577,1.9778,5.6868
0.18571,0,6.9728,15.788,4.9385,5.2396,0,1.6221,-4.6184e-06,0,0.99682,1.8274,0,0.8666,0.066217,0.43543,0.024208,3.744,0.31423,1.8583,11.507,0.81432,0.86011,1.1887,3.8049
1.752,0.00084883,2.8572,0.74883,2.5033,4.598,0,-2.5267e-06,10.491,0,-2.4848e-06,1.2184,0.0088386,0.0022107,2.282,0.8233,-2.8639e-06,11.779,1.7145,2.7001,1.3919,3.6116,1.7323,2.026,0.33575
0.34096,2.1015,0.063129,3.6652,0.13691,1.6064,0,-2.5267e-06,6.995,0,0.050109,1.3607,0,0,0.89234,1.4194,1.851,2.7237,14.999,0.99658,0.35924,6.0059,3.0958,5.8688,1.7646
0.4666,0.5275,1.4316,2.5823,4.7473,0.78672,0.031439,-2.5267e-06,1.6322,0,-2.4848e-06,2.7014,0.0016127,1.4212,0.17651,0.28186,7.3215,3.9093,14.856,1.1581,2.0016,1.4943,0.42253,11.317,5.4288
0.14747,0.50445,4.5916,3.3191,1.8038,0.036629,0.43131,0.52977,0.26309,0.048564,-2.4848e-06,3.8391,0,5.2458,0.14478,0.02744,1.107,12.38,1.4049,1.6331,0.70048,0.77254,0.24322,2.2711,16.899
0.21307,0,7.819,0.33023,1.6025,-2.6426e-06,0.61678,3.1757,9.1406,0,-2.4848e-06,7.0474,0.52521,3.1684,0.0084274,0.012792,0.07278,10.254,3.9271,1.3939,0.098935,0.55184,0.10065,0.56869,0.33941
0,9.0947e-05,3.7084,0.26382,4.1058,-2.6426e-06,0.033319,2.1851,0.5741,7.0596,-2.4848e-06,6.3188,0,0,0.030632,0.4405,0.91518,4.1827,0.42925,1.4161,2.1196,0.52265,0.65484,0.20754,1.8862
0.51774,0.72748,4.0367,0.11606,0.64821,0.38956,0.013475,1.6446,1.7372,2.5298,-2.4848e-06,3.2806,0.62134,0,0.014794,0.12321,7.1027,0.92013,4.387,1.336,0.72835,0.87358,0.22781,0.64489,12.488
0.1859,0.84434,0.00099708,0.91301,0.033564,0.57796,0.24536,3.4737,4.3924,0.23522,0.11987,0.58682,0.23705,0,0.0071622,-5.3132e-06,16.428,0.072676,20.842,0.22757,0.6079,1.4884,0.45857,0.23247,6.4596
0.5218,1.9094,0.39591,1.2606,0.13213,-2.6426e-06,0.78688,5.7595,4.6868,2.0557,1.3503,4.4967,0,0.00051405,0.098429,8.5677e-05,14.266,0.18876,5.0997,0.61824,0.29648,1.5465,0.39614,0.76307,6.5747
0.44079,3.4132,-3.5764e-06,0.90262,-9.5647e-07,-2.6426e-06,0.26465,6.7382,2.9444,0.17965,0.98819,0.005494,0.93945,0,-6.5594e-06,0.029266,2.0978,0.79509,1.5372,1.923,3.964,1.3043,2.6962,0.21076,0.68987
1.4729,1.2007,-3.5764e-06,0.00036442,-9.5647e-07,-2.6426e-06,0.033651,2.3771,2.1188,0.25975,0.041655,0.15085,0.48264,0,0.36739,-5.3132e-06,0.096457,2.9327,0.61774,2.5374,2.111,0.68789,1.0345,0.079445,0.86386
1.9061,0.024534,-3.5764e-06,0.25785,-9.5647e-07,-2.6426e-06,0.34544,1.9568,-4.6184e-06,0.095492,-2.4848e-06,2.2674,0.70173,9.2166e-05,0.13081,-5.3132e-06,0.017835,4.3553,0.020217,1.238,0.6457,0.57282,1.3313,0.05994,0.79926
1.2905,1.4529,0.20324,0,0.11187,-2.6426e-06,1.7071,6.7658,-4.6184e-06,0,-2.4848e-06,0.71007,0.41728,0,0.064262,0.024008,0.0095826,5.9986,0.13961,0.928,0.21898,2.0115,1.9209,0.03574,0.19169
2.8327,1.154,-3.5764e-06,0.13164,3.3027,0.0060259,3.8752,0.27586,-4.6184e-06,0.24258,-2.4848e-06,7.593,0,0.024929,0.060561,1.7728,-2.8639e-06,14.384,0.030752,1.8131,10.412,0.6142,0.4371,0.16963,0.092238
1.8666,0,-3.5764e-06,0.14146,8.142,0.0098776,14.467,-2.5267e-06,-4.6184e-06,0.75881,-2.4848e-06,4.3716,0,0.25721,0.079282,6.0195,0.014958,9.2924,0.059761,4.1242,18.095,0.25476,0.10069,6.9055,0.0079889
0.015984,0,0.0091509,0.8846,6.6688,-2.6426e-06,17.082,0.20444,0.039175,4.1005,-2.4848e-06,3.6358,0,0,1.8344,4.2842,-2.8639e-06,1.5722,0.054522,6.7109,3.1559,0.48271,0.26538,5.7253,0.087248
0.21849,0,0.11444,0.59758,8.6349,3.6546,0.98845,0.34909,0.0078893,8.4329,0.054134,4.6144,0,0.079792,5.9445,3.6329,0.0050637,1.3668,0.06285,1.0673,19.514,0.98277,0.63244,0.46002,0.21797
1.0953,0,0.47134,0,3.8806,3.186,4.9731,0.35405,-4.6184e-06,0.43503,-2.4848e-06,1.5423,0,0.57989,2.7671,3.6349,0.11934,0.00030454,0.15364,0.71563,1.0585,0.9071,1.0211,0.38608,0.065251
1.4112,0,1.0602,0,0.9223,2.613,6.1174,2.5402,1.0011,0.035345,0.017465,0.79074,0.075654,3.7761,0.59553,2.5466,3.0101,0.15243,0.98017,2.8843,0.19018,3.6447,0.60839,0.077144,0.028509
12.109,0,2.9061,1.1225,7.9174,10.841,5.5774,15.092,1.9166,0.0035393,0.0054784,0.68098,0.20761,2.5424,0.33976,0.11209,1.7799,0.2223,3.6189,2.2056,0.7067,5.5453,0.72199,0.049842,0.16204
14.816,0.6947,10.55,20.631,12.53,8.5233,0,9.692,17.915,6.4776,0.24431,0.7023,1.685,6.5378,0.010734,0.19816,8.1762,0.41872,0.73979,3.4247,1.8384,4.4239,0.15499,0.037972,6.902
16.488,1.3096,12.743,23.008,0.41977,4.3291,0.17285,8.7079,2.5186,2.1191,-2.4848e-06,0.0083939,0.12044,0.093823,1.1786,0.28407,1.9856,0.22139,1.8447,6.1644,1.1779,31.893,0.0086284,0.0020671,3.2082
1.324,4.8437,2.5429,15.149,2.0226,4.5414,0.016797,16.35,1.7227,3.8665,0.024858,4.2584,3.7174,4.049,4.1143,0.023425,0.44218,0.058556,1.9102,2.2221,0.7614,4.2032,0.33632,0.21443,1.3373
2.4522,2.9512,17.502,15.114,6.55,6.3315,0,20.086,0.33251,0.62332,2.6715,10.854,6.1701,2.5104,0.32425,2.7772,1.5175,0.42542,1.9246,0.85821,2.5389,1.0605,0.66562,0.5326,11.808
1.2072,13.923,0.24894,1.979,6.8353,0.11303,0,29.496,1.4689,0.73306,7.6332,2.7265,0.021925,1.1491,0.062707,9.508,8.935,2.437,2.3096,1.7049,13.632,0.66252,0.32896,2.6082,2.3743
2.0841,16.545,10.555,5.5996,4.6714,-2.6426e-06,0.044856,26.813,0.2521,0.71399,6.1931,0.64903,0.087472,3.9648,13.175,2.2436,3.4521,8.413,1.5274,0.38472,6.1373,0.31253,0.55885,0.62342,1.0131
3.9458,6.2851,9.9256,5.073,0.59141,-2.6426e-06,1.3291,11.581,0.055784,0.02335,3.1391,0.65269,0.31413,9.8226,10.545,0.53835,2.4494,8.6191,3.4865,0.048745,6.5694,0.70484,0.31584,3.4663,0.20081
2.2132,6.7077,1.9644,4.5096,3.0392,1.5844,1.6235,3.1915,-4.6184e-06,0.0027423,1.2721,3.6361,0.050418,13.033,6.4038,0.77806,0.21505,4.2677,0.1308,1.9561,0.73131,0.53571,4.3282,1.9741,1.4969
4.0435,3.11,0.41568,8.9015,1.0019,10.042,0.19434,7.9303,-4.6184e-06,0.037093,0.43412,0.8552,0,5.7047,5.2254,4.5743,0.0002901,3.8979,0.021317,11.138,7.5445,0.91949,2.4758,0.29426,2.9413
4.4503,2.7317,-3.5764e-06,2.3465,0.13178,1.2223,0.42762,18.987,2.7581,0.0055746,11.944,0,0,6.1475,1.6935,2.9862,-2.8639e-06,3.619,0.034957,3.5608,2.0254,2.9432,2.7057,1.1779,4.1767
1.61,0.98797,-3.5764e-06,0.40088,0.28205,2.4664,0.048356,13.006,3.1272,0.015722,1.4295,0.039268,0,0.17958,4.7547,7.7242,-2.8639e-06,7.9179,0.0015566,2.0882,10.423,9.1139,1.6277,4.7975,0.72885
1.4474,0,0.16153,0,0.20985,3.3506,0.23993,0.14074,1.4564,0.0011254,0.00036107,0.0058106,0,1.0519,3.4904,8.4361,-2.8639e-06,4.7958,0.31532,4.4967,11.074,4.7839,0.36253,2.6418,0.27216
0.27542,0.042492,0.42928,0.28512,6.9052,2.6491,0,0.0040876,0.030041,0.017804,0.041169,0,0,0.24296,0.20193,5.9332,0.0010943,1.3067,0.71936,0.32029,5.61,1.1426,0.31085,0.16552,0.22334
3.1419,0.054049,1.2734,2.0673,6.7882,0.10444,0.05603,0.14809,0.44869,0.0017827,0.0058158,0.014959,0,0,0.12298,4.6029,0.1019,0.79754,1.2123,0.53915,3.636,3.5273,0.13163,0.17476,0.24558
3.7261,0.08945,0.32098,1.469,6.5563,0.0082871,0.22585,-2.5267e-06,-4.6184e-06,0.16384,-2.4848e-06,0.23368,0.071644,0,0.071951,5.7575,-2.8639e-06,0.77557,0.40251,0.018935,2.5717,7.5861,0.0072436,0.038491,0.10653
8.5441,1.5371,-3.5764e-06,0.31167,6.2263,-2.6426e-06,1.6481,-2.5267e-06,0.25629,2.0438,-2.4848e-06,0.062776,1.8049,0.032526,0.006929,0.084555,0.00017713,0.12131,0.85691,0.14173,15.224,2.2464,0.015772,0.3975,0.049956
3.7583,1.0372,0.04206,9.1937,6.9671,3.1055,9.6216,-2.5267e-06,0.73676,0.94805,3.2449,0.66631,7.3415,0.19988,1.4933,1.4968,0.024712,0.12622,5.8128,0.34624,4.3512,1.5765,0.21617,0.12492,0.2165
0.085594,4.9921,0.026883,11.827,7.6933,0.48362,4.7095,-2.5267e-06,0.29327,0.72766,12.752,4.9702,14.643,0.33597,0.71575,-5.3132e-06,2.0052,1.1547,10.394,2.0461,0.48041,0.63917,0.93756,0.066761,0.30014
0.45438,0.90814,-3.5763e-06,3.0714,1.5919,0.001036,0.14191,-2.5267e-06,0.71472,0.63349,0.043891,6.3871,24.098,1.1123,0.3114,0.33874,7.9597,6.0484,2.2391,5.1297,1.5442,0.31094,0.40342,0.018557,1.5542
0.26474,5.3882,0.17826,2.0248,3.7094,0.055515,1.0233,-2.5267e-06,1.7965,1.1932,2.0048,1.2661,15.623,1.2571,0.14924,0.97327,5.3772,10.467,0.52083,0.6696,0.94863,0.3378,0.7717,0.11315,0.36325
0.66578,3.6206,0.21366,0.030416,0.70354,-2.6426e-06,1.9216,0.30822,7.1112,4.4962,7.4671,0.78446,7.3934,0.36484,0.13998,8.8393e-05,2.8038,6.9715,0.54747,0.16192,0.46471,2.6298,0.50888,0.75431,2.3977
0.066855,0.44543,2.7844,0,3.3383,0.014508,2.0784,3.7068,6.5192,8.4683,3.6279,0,1.7082,1.453,0.039545,0.0022056,0.15742,0.46294,0.46106,0.058193,0.2228,2.1296,0.11254,7.2482,7.0534
0.010305,0.024261,-3.5763e-06,0.19555,3.2678,-2.6426e-06,0.25059,21.471,1.2398,0.17066,6.0237,0.17149,0.042939,0.5886,0.22993,9.9258e-05,0.28891,0.53849,1.8318,0.139,3.126,1.0593,0.068413,11.036,9.75
0.0023859,0,-3.5763e-06,0.18481,0.2833,0.26156,0,11.353,3.0244,0.074961,10.347,2.7712,0.094403,0.11444,0.37931,0.045706,4.4141,0.51024,1.4432,0.15572,1.391,0.72111,1.204,1.0698,3.9187
0,0,-3.5763e-06,1.6336,0.017342,0.39912,0.10513,5.1658,3.0637,6.1063,3.3928,0,0.51866,0,0.51968,0.78194,15.274,0.78724,0.20483,0.55065,5.4256,4.7441,5.8614,1.0328,2.187
0,0.020288,-3.5763e-06,1.888,1.3858,3.2262,0,5.2158,0.080507,0.48749,0.41004,9.4133,2.2613,0.00027909,0.54039,0.65412,20.018,0.2374,0.89816,0.59743,0.91724,1.6583,0.70643,2.8806,2.4864
0,3.5192,-3.5763e-06,5.1647,11.869,2.4734,0,4.0262,4.6299,0,0.022713,3.1796,2.2812,0,0.10067,0.22315,14.382,4.4948,0.0087181,0.084405,0.14952,2.4529,0.17709,4.5253,0.90881
0,0.60026,-3.5763e-06,0.49307,8.7454,3.7527,0.08344,1.3167,4.6999,0.00011103,0.3258,0.28079,4.2726,0,0.10101,0.007388,5.8326,8.5613,0.077453,0.081683,0.097208,0.53525,0.11201,10.244,1.3828
0,5.271,-3.5763e-06,0.85346,19.565,9.3174,0.075583,1.5938,13.801,0.03256,7.5143,0.13795,5.7606,0.036948,4.2395,-5.3132e-06,5.5002,1.0291,0.1628,0.0078876,0.078411,0.22282,0.40533,2.6011,0.83683
0.16127,10.593,0.010001,7.9497,3.1053,12.826,0.011096,0.76346,0.33998,2.8109,0.32331,0.028458,0.83326,0.0087947,6.4287,-5.3132e-06,4.7682,0.10068,0.2116,0.038049,0.021394,1.8306,0.2391,0.72882,2.2827
2.7773,2.7919,-3.5763e-06,2.3219,0.62014,7.7469,0,3.5961,0.56019,2.648,1.1229,0.0010692,0.060898,1.049,7.4927,0.10878,5.0854,0.98475,4.2732,0.018811,0.058329,0.63284,0.40601,0.67889,10.226
9.6619,0.33393,8.108,1.1176,0.81977,7.7563,0,2.3604,0.35971,0,4.416,0,0,2.2633,8.6609,0.47936,0.33105,0.0017913,6.4478,0.064992,0.35207,2.8388,3.6351,1.818,3.7207
2.1737,0.79466,0.10292,5.3051,1.3897,7.1726,0,0.55711,7.0108,0.00022206,2.5254,0,0,2.7961,23.372,0.23732,3.7295,0.1278,2.2887,0.038002,0.062138,1.9156,0.51297,1.5991,0.19992
0.14581,8.9215,0.13381,8.47,3.2538,0.5013,0,0.0033249,6.7566,0.066206,4.7021,0.020258,0.035543,0.17128,4.7334,1.3829,8.0407,0.041432,0.43801,0.0013921,0.0025115,1.9576,0.77092,2.1932,0.065183
0.0026231,0.34422,2.1698,1.3595,0.13946,0.53583,0,0.018314,0.60091,0,4.666,0,0.86641,0,1.3572,0.26898,7.7239,0.8148,1.2486,0.0013767,-6.5193e-06,8.5068,5.1334,2.6987,0.085323
0.059143,4.3473,7.5895,0.31019,0.0058966,0.9445,1.9265,0.024087,0.087505,0.52139,0.0021182,0,1.0235,0,6.3045,0.013922,8.806,9.1124e-05,1.3492,0.0044761,0.0055374,0.49094,1.108,1.1482,0.36269
0,4.9425,2.7546,0.081849,0.039644,5.6515,3.6333,0.0048035,0.058984,5.8612,4.3806,0.013184,0.072273,0,0.26236,1.1807,2.8706,0.31894,0.27011,1.315,3.5286,0.92657,0.22067,0.23027,0.45916
0,0.0033044,2.0205,0,3.0631,0.56502,5.3332,-2.5267e-06,-4.6184e-06,1.9181,0.79127,0.34435,1.0615,0,0.044951,1.4593,4.1876,3.2405,0.10186,12.378,2.0242,0.38729,0.055849,1.8729,13.522
0,0,0.0029574,0,6.5532,0.0018804,5.0745,0.39977,0.05047,6.9967,1.3221,6.4267,6.1041,0.045801,2.6863,0.59296,4.5897,1.8464,0.54647,12.553,0.21222,3.1766,0.30066,3.4799,6.0889
0,0,0.0016381,0.217,1.6103,5.8872,4.9176,4.1195,0.0053269,0.41368,9.3765,0.012107,4.5823,0.085013,4.5949,0.17765,1.3899,1.8054,0.21106,8.8994,0.015002,0.42201,0.21043,1.9528,0.29514
0.83323,0.12438,10.78,0.028983,0.56502,1.5193,0.7737,-2.5267e-06,-4.6184e-06,1.2615,6.1781,0.12393,2.0362,0.48127,10.676,0.034992,0.02204,0.53421,0.11391,6.6141,0.46807,0.50619,4.7667,1.8145,8.2471
2.0462,5.831,5.1908,2.5968,0.31395,2.4056,4.5995,-2.5267e-06,0.015134,1.0279,5.9628,0.5402,0.70982,4.8911,8.6816,-5.3132e-06,0.099225,0.50354,1.7085,1.0384,4.5502,0.34589,0.6076,0.58388,12.595
7.8314,1.687,0.1242,1.4499,4.9834,0.051877,12.603,-2.5267e-06,0.0028519,2.1118,3.4695,0.62818,0.035625,1.2284,0.91886,0.0033124,0.0045468,1.9262,5.6791,0.64296,3.6604,0.75962,2.2008,0.38454,0.69158
0.5777,0.024509,0.24488,7.0512,0.83205,0.84523,0.23107,-2.5267e-06,0.02806,1.5003,6.737,0.12769,0,0.050723,0.5626,0.011344,0.25185,13.312,2.4652,0.99305,0.24208,2.5205,3.7844,0.20736,0.34091
0.15329,2.8687,7.7886,3.8954,9.0929,0.1735,0.43923,8.9133e-05,-4.6184e-06,4.1876,2.6211,0,0,0.36464,0.087431,-5.3132e-06,0.047284,1.3146,0.37082,0.55455,0.43905,0.79858,0.78449,0.2798,0.62528
0.046232,2.0516,0.78673,11.466,20.501,0.00019046,0.77198,0.18483,-4.6184e-06,0.24926,2.5686,0.053366,0.033494,0.50229,0.7042,0.052135,0.1171,0.69904,0.83883,0.014584,0.7763,0.81573,0.11674,0.069743,1.0999
0.11417,0.016959,2.3982,16.523,4.5496,0.064994,0.35454,1.1769,-4.6184e-06,0.011121,10.592,0,0.00065765,0,0.016542,1.4479,-2.8639e-06,0.27001,5.2007,0.21792,0.41528,0.27818,2.7006,0.2539,0.9269
0.62913,0.093832,6.5212,9.0901,0.12845,0.21323,0.0023338,2.8088,0.0011774,0,3.5873,0,0.57881,0,8.0619,0.37804,0.25311,2.9812,0.37822,1.0386,0.12864,0.34746,1.5414,0.026884,6.0719
0.3762,0.31394,0.28296,12.59,8.9294,-2.6426e-06,0.30954,1.7951,-4.6184e-06,4.0917,9.8143,0,0.59856,0.0027351,2.029,0.034037,0.019037,3.9502,0.12646,1.1186,0.11932,0.35213,4.9158,8.6797e-05,6.9306
0.38392,0.72708,0.6796,13.886,0.41053,-2.6426e-06,0.06358,0.00018425,-4.6184e-06,10.804,1.0218,0,0.88685,0,11.384,3.06,-2.8639e-06,0.72742,0.57704,3.3167,0.42305,0.11758,1.2523,-3.566e-06,2.3158
0.065625,2.3618,0.20968,4.28,0.14797,1.1038,0.0052689,-2.5267e-06,0.00036441,0.80262,0.14918,0,0.9738,2.361,13.595,0.63946,1.8606,0.29032,1.1029,9.2233,0.38033,0.035782,0.58873,0.095559,1.1286
0.32906,11.377,0.6605,2.3155,-9.5647e-07,4.9187,0,0.037277,0.022277,0,0.32034,0.081739,5.2958,0.28416,1.7281,0.040408,3.5777,0.40579,0.80875,4.4874,1.3272,0.40015,0.67864,0.60405,1.2522
4.4257,5.9095,-3.5764e-06,3.5191,0.016735,4.0217,0,-2.5267e-06,0.22935,0.81349,-2.4848e-06,0.0050329,8.6341,0.078973,0.088858,4.3666,12.256,0.13095,0.028014,1.5467,0.71346,0.46215,1.3828,0.3236,1.6627
0.93128,0.13864,0.34585,0.44608,-9.5647e-07,3.2893,0,3.8089,0.48232,4.1284,-2.4848e-06,1.6688,2.8706,1.1062,0.36995,2.0844,8.59,0.14027,0.48648,1.2496,0.40124,0.073606,7.8953,0.2688,0.76158
0.14032,0.053098,0.52009,0.25437,1.6939,17.179,1.9939,3.6091,1.2275,0.2084,0.013589,2.7342,1.7612,2.5229,3.4988,0.45542,5.5491,0.05266,1.5335,0.43792,4.1295,0.13576,2.4727,0.097191,0.040177
5.7054,6.5048,1.8932,0.7051,1.2695,3.6462,0.0088247,0.5597,0.05914,0.10911,-2.4848e-06,0.0015606,5.645,13.776,6.0151,1.2602,0.99092,2.2848,0.37912,1.9497,4.0733,5.7437,0.73077,4.5472,0.011272
0.8434,0.90684,-3.5764e-06,12.971,0.38337,3.8573,0,1.339,1.2868,0.019203,-2.4848e-06,0.28837,0.47649,4.2872,3.6309,0.93556,0.19589,3.7069,1.3073,3.2358,0.48455,0.40669,0.83319,3.263,0.001425
0.15855,0.0026606,0.28838,19.738,-9.5647e-07,1.1471,0.69505,1.4016,1.9114,0,0.01485,0.27222,0.29461,0.1918,1.6393,0.010554,1.0496,1.6546,1.0087,3.0811,0.38371,0.00019972,5.8924,0.94274,0.024258
0.62983,0,0.60644,4.344,-9.5647e-07,5.2517,0,12.145,0.67394,0,-2.4848e-06,0.39103,0,2.6067,0.77896,0.0079855,1.5848,3.464,0.072969,1.8475,0.016031,0.10623,3.5296,2.0874,1.1112
0.82953,0,0.0027741,1.0008,0.048828,0.00074463,0.061673,0.60062,0.029212,0,-2.4848e-06,0,9.1416e-05,0.6655,0.061789,0.00168,3.911,0.80556,0.59285,1.8498,0.44934,7.425,1.0614,4.294,3.7297
0.10439,0,-3.5764e-06,6.6311,0.25253,-2.6426e-06,0.011472,0.25743,-4.6184e-06,1.8037,0.022601,0,0.022724,0,1.7581,0.029349,1.3571,0.44851,1.3426,2.568,0.17131,2.1234,1.12,14.971,5.2154
0.66932,0.015199,-3.5764e-06,0.19902,-9.5647e-07,-2.6426e-06,0.11626,1.9159,-4.6184e-06,0.0014969,0.46138,0.017561,10.975,0.043994,1.9731,-5.3132e-06,0.071188,0.44796,1.0072,1.2468,0.012046,0.33259,0.49009,2.2565,1.1944
1.3537,0.25124,-3.5764e-06,0.10822,-9.5647e-07,0.0084174,0,4.1168,0.0049897,0.89434,1.271,1.457,4.9135,4.7215,1.5271,-5.3132e-06,0.089198,10.001,0.3016,0.099165,0.014919,0.84738,0.18339,1.7037,1.0752
3.3294,0.072832,1.0775,0.42027,-9.5647e-07,1.6108,0.3505,0.95495,0.80603,3.4069,-2.4848e-06,2.6781,1.9067,13.469,2.6161,0.0028276,0.31544,5.7868,0.075095,0.073389,0.011927,0.0061049,0.1747,7.4592,6.0114
1.9286,0,0.38776,0.26372,0.048804,3.77,1.6166,0.043568,1.0735,3.3052,-2.4848e-06,0.43307,2.1257,0.75478,7.1313,-5.3132e-06,0.51684,5.7074,1.4594,0.28098,0.0072923,4.3523,0.33157,2.2287,1.106
0.040276,0,19.362,0.00085673,0.10915,3.2964,5.8963,0.078119,0.47684,5.9237,0.10093,0.59909,0.57336,0.20394,0.19608,0.28279,1.8447,1.182,14.875,0.54138,2.0509,2.8573,2.255,0.94085,0.13808
0,0,13.934,0,1.381,1.0099,0.80922,0.28104,-4.6184e-06,16.128,0.10428,11.147,0.92004,0.016283,0.02738,0.32356,0.4834,8.3738,11.419,0.13168,2.0472,1.8203,11.602,0.5521,0.0016844
0,0.89831,1.0291,0,0.8844,0.17453,3.3686,0.85138,-4.6184e-06,4.1958,0.64687,8.7337,2.3559,6.4993,2.7677,0.27648,0.71389,1.6279,0.5704,0.16591,0.5472,1.9591,4.1079,0.22104,0.58227
3.1546,0.36277,0.1698,0,0.025296,0.13053,5.3677,3.5317,-4.6184e-06,0.99802,1.3371,6.8483,0.92925,2.3819,5.1133,5.8535,0.42678,3.6147,2.2969,0.39522,0.15527,3.397,0.78031,0.16305,3.6115
7.6451,9.518,1.8192,0,10.006,0.61575,3.5073,0.97425,-4.6184e-06,1.6371,0.13986,5.35,3.1982,0.96916,3.277,3.8088,0.15591,12.759,11.761,2.5747,0.2145,0.60208,0.34171,0.43222,1.6012
1.9923,8.7368,4.4476,0,8.2038,0.90668,0.35728,1.8256,-4.6184e-06,1.396,1.4875,1.2808,6.5791,0.046868,1.3448,10.812,1.2234,10.89,2.2924,4.969,0.539,0.045339,0.091983,0.038255,7.6721
0.0066892,0.30609,7.9338,0,2.9202,1.541,0,2.5207,-4.6184e-06,0.38909,2.8029,3.0471,2.6317,0.064021,0.86245,7.2677,3.6802,0.85453,0.56778,0.15972,0.14845,2.9628,0.22676,0.043436,5.4654
0.024369,0.0044421,6.5917,0.097491,0.032756,0.41192,0,0.22569,0.066759,0,0.83781,5.0319,0.42787,0.0016603,2.4555,2.7404,0.0060575,3.062,0.95447,0.45358,1.3753,0.56065,0.21337,0.25485,6.3368
0.58409,0.068886,0.82789,0.52205,0.37605,0.059513,0,4.0315,0.3256,0.55815,3.3713,18.371,0.19028,0,0.0044795,2.8503,1.8969,0.41297,2.1913,0.046701,1.0085,0.56819,1.3746,1.0043,0.64475
0.005863,0.60949,0.00036776,0.90402,2.3494,3.4533,0.0582,2.5227,0.87196,0.19095,1.3739,7.7865,0.47546,0.0096813,0.041506,0.95065,7.3986,0.262,1.2681,0.034785,10.508,0.46442,0.57474,0.020503,2.5765
0.32745,0.82496,-3.5764e-06,0.28917,2.3965,3.4651,0.041162,1.7355,3.6999,2.5836,0.31986,2.3344,1.7871,0.1363,6.0723,0.41082,8.5017,0.037195,2.3943,0.027025,2.5897,0.021226,0.30609,0.28039,2.5225
0.72524,1.4689,0.0213,0,6.4908,4.5314,0,0.0014312,7.4464,0.7065,0.067403,0,0.022607,0.062012,0.56603,0.53493,2.3476,0.21291,3.5719,0,1.4327,0.013112,4.7687,2.6479,7.0808
0.59153,0.042691,1.1472,0.18372,5.6273,7.2294,0,0.05651,2.0196,0.11179,0.45093,0.35603,3.4187,0.16934,0.25195,0.19714,13.557,1.1086,0.97203,0.092222,5.9969,0.0040944,0.70267,0.87263,1.5381
0.26364,1.8858,0.0012629,0.15465,0.58183,8.9843,0,0.13379,0.066255,0.062819,0.55621,0.39406,1.6987,0.0026157,3.4874,-5.3132e-06,3.2753,0.72744,0.12944,0.2831,7.0298,0.23847,0.67215,0.091429,0.57866
0,0.80658,-3.5763e-06,0.006584,0.60367,3.1822,2.0147,3.4288,0.017426,1.5502,0.034302,0.018328,0.52724,0,10.223,0.38314,0.74689,0.68482,0.21435,1.8393,5.2741,0.27583,0.59912,0.1196,12.104
2.0456,0.068297,0.13796,0,1.5156,1.0845,0.0091947,7.3652,-4.6184e-06,2.6311,0.017158,0,0.16177,0,6.7063,0.11533,4.9148,0.80879,0.5047,2.1388,2.0876,1.1229,0.25177,0.03643,8.9549
6.3272,0.1679,0.0090141,0,19.772,1.1923,0.043922,3.5876,-4.6184e-06,5.6734,0.20686,0.97909,0.027378,0.0023418,0.9386,0.19346,15.609,0.39334,0.10037,2.2681,0.13897,5.7683,0.46899,0.70605,1.6355
5.039,6.4389,0.49647,0.0096255,0.63674,0.34362,0,10.052,-4.6184e-06,5.0836,0.014844,0.59495,4.1103,0.031504,3.6919,0.16632,14.948,0.3739,0.26085,2.2158,0.041888,2.2333,0.00058966,0.34666,0.51901
5.8096,3.5647,0.10284,0.29342,0.5367,-2.6426e-06,8.8941e-05,1.293,-4.6184e-06,2.1766,2.1462,0.28707,3.7694,0.51614,1.5592,1.14,4.8767,0.27612,0.15805,1.4519,2.145,8.3922,0.0036977,0.80652,0.16169
6.5912,8.0885,0.34449,0.38301,2.6394,0.18454,0.024325,0.95419,0.0031626,2.5517,2.3292,0.072221,11.913,0.13145,0.85693,1.2216,1.3749,0.023795,0.027036,6.3571,0.2233,2.3982,0.020394,0.27795,0.77405
0.74103,7.7867,0.18554,5.0685,1.4075,1.6145,0.17193,1.9254,0.045118,0.63666,4.584,0.14172,3.6386,0.43589,0.16726,0.629,0.8653,0.0097358,0.13276,6.8884,0.073055,6.6153,0.004925,0.65102,1.0415
0.19801,8.6582,6.6019,4.7512,1.1317,1.768,0.96607,12.404,0.068028,0,6.1818,1.1346,3.719,0.039273,0.12911,0.16225,2.9966,0.1146,0.083185,11.969,0.045306,4.4904,0.073337,0.28964,0.73442
0,3.6948,3.0842,1.36,1.1515,5.2314,0.38995,2.3285,0.086047,0.0015736,1.2329,0.23404,4.0672,0,0.035013,0.24202,5.621,0.040945,0.014923,4.0092,0.05398,3.452,0.00030711,0.063505,7.376
0,1.732,-3.5763e-06,0.096778,-9.5647e-07,0.64328,0,1.0742,0.26429,0.14547,2.7726,1.2607,1.3679,0,0.029168,1.6521,1.5694,1.477,0.0855,6.8075,0.50941,0.70466,0.032175,0.003336,7.3564
0.00090534,0.56395,2.7493,0.092848,-9.5647e-07,2.2359,0.00045716,0.70173,0.05696,1.1827,2.0778,2.0787,2.6087,0.072469,0.011893,0.36566,0.9334,4.6447,0.10001,9.9714,0.97784,0.24647,0.16727,0.32821,0.3742
0.027178,4.2113,7.5832,0.10729,0.27489,12.221,12.352,-2.5267e-06,0.58872,0.15976,0.66021,0.93552,2.854,0,0.18275,0.26278,0.68156,11.697,0.095226,4.8933,0.98862,0.44331,4.129,0.11802,0.25703
0.12245,5.8753,4.3275,1.3597,5.8077,8.6857,3.2782,0.57283,6.3047,0.0085522,4.0286,0.3583,0.022473,0.96484,2.0002,0.60842,3.4216,11.624,0.53056,3.1171,1.3111,0.0037888,11.118,0.019971,0.47449
0.018081,9.3838,0.55724,1.4184,0.81065,0.25379,2.0188,0.1716,12.325,0.39116,0.22148,0.030959,0.32422,0.18852,0.61842,0.31317,0.64034,19.551,1.1023,10.588,2.9035,3.0428,6.2268,0.023385,0.32814
0,0.76607,1.1363,2.9577,0.28591,0.042476,1.5171,-2.5267e-06,5.7376,3.3382,0.44209,0.37027,17.651,0.091844,0.0035843,13.014,1.1196,12.114,0.61971,6.5469,0.56391,3.1897,0.063182,0.12592,0.10861
0,0.015215,8.7276,8.1017,0.65701,-2.6426e-06,0.69831,-2.5267e-06,1.8027,0.40387,5.5093,0.54249,4.4414,0.062735,0.050806,5.727,0.11157,11.47,0.0043024,0.68569,1.2883,0.51117,0.25307,0.224,0.11894
0,0.021363,9.1937,0.57152,0.11235,0.22553,3.9134,0.021835,1.6248,0.052563,-2.4848e-06,2.0831,2.9162,0.15565,0.56004,6.2541,-2.864e-06,1.5769,0.45891,0.018785,0.18431,0.13092,0.12559,0.1993,0.031897
0,0,8.4201,0,-9.5647e-07,1.4249,2.1252,2.1248,1.9298,0,-2.4848e-06,5.4249,0.72045,0.90727,0.66233,5.1063,0.10158,0.032087,0.040465,1.9497,0.37904,0.1576,0.22909,1.8908,0.14184
0.013687,0.37968,4.6096,0.44768,-9.5647e-07,0.028458,0.63219,7.0415,1.019,0,0.010393,3.0299,0.077872,0,0.71905,2.2313,0.51492,2.826,0.073611,16.547,0.20469,0.067721,0.02383,9.5517,0.1794
0.73671,6.9763,1.4745,0.023116,-9.5647e-07,1.0869,0.31137,0.00038313,0.64174,0,0.060357,10.547,0.10507,0.022141,0.015107,1.1252,0.98995,3.0687,0.01896,2.9399,0.013017,0.033916,0.21716,1.117,2.1281e-06
4.5204,11.226,1.0432,0,-9.5647e-07,2.8579,0.80656,-2.5267e-06,0.40849,0,1.8476,6.4715,0.28873,0,0.17757,-5.3132e-06,0.34277,1.6255,2.846,5.2821,0.010202,0.076928,0.18364,0.73305,0.0017866
2.2337,8.9011,6.7662,0.037197,-9.5647e-07,0.14511,1.3024,-2.5267e-06,5.3141,0.078018,1.0698,6.3882,0.3056,9.3464e-05,0.22302,0.00064248,0.05342,0.76664,5.139,1.2432,0.011548,0.19121,0.10235,0.17541,0.7185
0.022671,9.7143,5.0247,0.26908,0.20402,3.2892,2.9216,-2.5267e-06,10.086,0.037685,0.062868,0.32,0.92859,0,1.272,0.0014437,1.5621,0.63167,6.2861,10.48,0.16988,0.75507,0.39516,0.17705,1.2759
0,6.0024,0.66011,4.3967,-9.5647e-07,5.8462,2.6152,-2.5267e-06,7.1889,0.00074706,0.25877,2.8129,0.61989,3.2292,1.8109,3.5068,2.5242,1.5483,1.8133,13.11,0.25525,0.26643,0.33404,0.56118,0.33374
0.069581,0.71704,0.031853,1.4028,-9.5647e-07,0.10371,4.252,0.6852,1.9553,0.1102,2.7258,2.7652,1.4506,0.020739,0.061637,4.9353,0.62082,6.5161,0.49605,2.3267,0.08556,1.8237,0.90353,0.093188,0.081845
0.028491,1.2738,0.1872,3.4301,-9.5647e-07,0.00099601,5.2634,0.31593,0.579,5.9277,3.7895,13.101,0.50279,0.94745,0.083884,0.73553,0.044322,7.2559,1.6408,0.6371,1.0723,1.1651,0.2876,0.31636,0.15419
0.25083,1.1373,3.4117,0.36744,0.14427,0.048337,4.3585,0.020911,0.31688,13.493,0.73947,13.118,2.4556,0.033699,0.064827,0.20175,0.69903,2.0924,1.0799,0.78457,7.208,0.16397,0.34267,0.059338,0.016699
0.0023167,3.813,3.8185,0.67172,0.25309,1.1241,1.4228,-2.5267e-06,1.2462,12.943,0.070346,8.1483,6.7137,0,0.2326,0.0084201,1.5768,1.2504,0.71685,0.52819,5.3161,0.20364,0.17008,0.26308,3.5252
0.0036056,1.9061,0.99568,0,2.0856,0.23881,0.99076,1.2123,4.5874,4.1796,0.74017,8.5568,0.34192,0,1.7801,7.5349,0.86889,0.39979,4.0338,0.14822,2.7537,0.21711,0.17672,0.20138,0.29905
0.17725,8.0126,2.3092,4.396,1.8725,0.25266,6.1416,2.4712,0.015256,6.5497,0.76567,0.25389,0.20843,0.26068,3.4774,3.7222,3.1147,0.26601,0.19339,0.38188,5.29,0.038871,0.015597,3.3095,0.07694
0.028036,4.9931,3.3404,2.2087,0.91307,5.0038,0.2439,0.83399,-4.6184e-06,0.023197,3.8092,0.050723,0.064991,0.093701,7.3568,0.5562,6.9363,0.12026,0.10808,2.9387,9.8663,0.20992,0.23141,1.7833,0.073002
0.079429,3.7679,0.069321,4.0818,1.4803,3.7769,0.23132,5.5841,0.077885,0.37098,1.0384,0,2.6427,0.0088557,8.7208,0.49039,3.5117,0.13791,1.0743,4.3277,10.936,0.015098,9.1175,0.33023,0.036207
0,3.6999,0.3216,2.3084,0.20445,6.7518,1.3032,4.2386,0.45356,0.081727,1.4248,0.085592,6.3872,0.058821,3.1658,-5.3132e-06,1.5603,0.00038368,6.001,2.9129,3.1978,0.093851,3.6176,0.069117,0.065479
0.030629,2.0837,1.8327,1.5055,-9.5647e-07,6.8795,2.0809,5.4151,0.88649,0.14501,1.605,0,7.8935,0.0096813,9.9221,0.0085355,10.764,0.0011007,2.9156,2.4992,1.1552,0.039305,0.89811,0.056812,0.0027115
0,2.6495,6.6239,0.99643,0.28673,7.9811,0.37904,3.0701,3.9575,0.01185,0.20647,2.6842,0.7092,0,18.648,0.58951,6.9306,0.21721,1.5167,3.2353,1.9903,0.041095,0.69345,0.060365,0.049403
0.53868,0.25153,13.42,1.572,1.2924,3.1168,0.58077,5.769,8.6085,0.33258,-2.4848e-06,0.23325,0.16167,0.018576,12.333,1.53,1.3411,0.38802,1.9758,2.3267,0.85007,0.0099158,0.076672,0.39379,0.022
0.0038428,0.30951,17.722,0.12761,3.6187,1.7214,0.0011011,2.8438,2.5916,0.32059,0.20398,0,0.00049392,0,1.1126,0.21433,7.1019,0.14334,1.9994,5.8129,1.5918,0.61049,0.048682,2.5337,0.072402
0,0.055475,1.7867,0,0.25084,2.3525,0,0.24256,3.4316,0,0.085163,7.2226,0.0036211,0.0054702,1.9051,0.011632,2.9266,0.043677,3.6126,2.4281,0.03239,0.42073,0.064235,3.3372,0.038508
0,0.45347,0.07488,0,4.2559,6.3608,0,-2.5267e-06,1.1357,0.031094,0.23922,5.7172,0.050467,0.64374,7.616,0.15538,0.47399,0.0082107,9.278,1.2664,0.003451,0.55162,0.21729,1.4203,0.04166
0,4.6417,1.112,0.14495,2.5727,3.6433,0,-2.5267e-06,0.62344,3.752,0.18668,1.1339,0.056658,0.85467,5.7236,1.0914,0.032168,0.030486,5.1981,3.7612,0.04798,0.87411,2.7647,0.46962,0.031923
0.010336,2.6889,6.645,3.0203,1.6847,3.3539,0,0.0032557,0.34508,1.2833,-2.4848e-06,1.0732,0,3.2018,0.78695,0.13982,0.011672,0,5.0263,2.5517,-6.5193e-06,13.602,5.3519,0.086797,0.040932
0.010336,3.0139,1.4603,1.5444,0.051318,1.5444,0,0.64267,0.0012884,0,0.00057177,1.0417,0,5.1475,0.058177,5.0499,0.076053,0.24604,2.7263,1.5135,0.79546,0.42604,1.0437,0.16654,0.37536
0,3.4689,0.2571,0.60666,-9.5647e-07,0.48574,0,1.3417,1.442,0.071345,1.2661,7.7476,0,6.2888,2.026,0.43878,0.12507,0.41456,2.5934,0.85238,0.28511,0.047305,0.35599,0.1384,0.015205
0.0080631,0.36275,0.97112,0.15777,0.46569,3.7041,0,0.14481,1.0313,0.0025674,4.1861,1.497,0,9.298,2.929,0.59222,0.78589,0.84135,2.2824,2.7486,1.1724,0.055735,0.45638,0.0066737,0.038466
2.8459,0,5.4587,0.24785,-9.5647e-07,1.4299,0,-2.5267e-06,0.92116,0,0.29579,1.2392,0,4.8337,4.8286,0.70315,3.9485,0.38704,0.60001,3.6152,3.2525,0.0098165,0.18998,0.14068,0.07487
5.4016,0.34347,0.59728,0,0.42376,1.3945,0,0.0059415,2.1544,0.44825,-2.4848e-06,0.91124,0.015302,0.02705,0.090544,0.023529,4.8394,0.36789,7.071,0.67679,3.2458,0.013015,0.082439,0.52298,0.13343
5.4519,2.9578,0.34396,0,0.70837,2.0223,0.0024761,0.095647,0.48555,0.099964,-2.4848e-06,0.18755,0.22285,3.4567,0.040529,0.01269,10.272,0.20329,0.52507,1.2834,0.39689,0.2916,0.0326,3.9203,0.28924
0.39808,0.72802,0.82142,1.4955,0.17178,5.3061,0.037459,-2.5267e-06,0.21634,0.086542,-2.4848e-06,0,0.026399,1.7304,0.54518,0.0047873,9.0112,0.75826,0.16115,1.7153,0.22841,1.6207,0.0014524,0.10646,1.615
4.4293,0.34801,0.23734,0.22146,2.0371,7.6999,0,0.10534,0.09704,0.072756,1.1042,0,0.089751,0.049597,1.5389,0.068614,2.0703,0.30449,0.024286,0.28685,0.14251,0.073582,0.013936,0.024252,5.0281
2.5709,0.055657,-3.5764e-06,4.2119,1.5617,2.6864,0,-2.5267e-06,0.39613,0.33463,2.1478,0,0,0.02477,3.4264,0.23002,7.7369,0.52104,0.14057,0.63518,0.17936,0.032714,0.025336,2.2955,0.15434
0.72334,2.0651,-3.5764e-06,6.1527,-9.5647e-07,0.061748,0,-2.5267e-06,0.075639,0.072481,1.2496,0,0.17082,0.0080612,1.6636,0.47194,2.7833,0.70241,0.01059,1.774,0.063699,0.037559,0.0016336,4.3841,1.9645
0.54289,0.23601,-3.5764e-06,1.4117,-9.5647e-07,-2.6426e-06,0.21887,-2.5267e-06,-4.6184e-06,0.10924,0.95144,0.3162,0.51569,0.22448,0.13205,0.0024134,0.1485,0.54475,0.55661,4.2969,0.0046643,0.00064464,0.10599,1.1547,0.56878
1.2247,0.051294,-3.5764e-06,3.0723,-9.5647e-07,0.14687,0.748,0.0051131,-4.6184e-06,0.45018,0.17119,0.21999,3.0916,2.3561,0.11608,-5.3132e-06,0.043736,3.8662,0.13802,6.7663,0.2739,0.009222,0.060749,0.33993,0.73953
0.13218,0.11097,-3.5764e-06,0.50499,0.15897,-2.6426e-06,1.2199,0.007498,-4.6184e-06,5.6119,0.1783,0,2.5422,6.7871,-6.5594e-06,0.00010469,0.13029,1.3396,0.1947,16.833,0.40222,0.035479,0.079443,0.37181,0.4284
0.061316,0.41205,0.13397,1.9837,2.6136,-2.6426e-06,0.030606,-2.5267e-06,0.036338,2.9584,0.16581,0,1.9368,1.9862,0.42682,0.0028195,1.6226,1.6381,0.030511,4.1102,0.026886,0.12149,0.020172,0.14915,0.19181
0,0.043488,9.219e-05,3.3612,9.4027,0.27112,0,0.017715,0.58882,0.40147,0.33563,0,3.3653,2.6459,0.10716,-5.3132e-06,0.43904,0.89455,0.35162,0.18363,0.26567,0.019275,5.3831,0.14696,0.097219
0.00027872,0.10009,-3.5764e-06,3.6378,1.0972,0.018182,0,0.00512,1.0635,0.22906,0.049197,0,4.6892,7.0013,1.2524,0.015182,0.19502,0.33035,0.42269,0.14192,0.093217,0.016387,0.55717,0.11196,0.012231
0.14522,0,0.031406,0.71309,1.298,-2.6426e-06,0,0.032659,1.7951,0.0044632,-2.4848e-06,0,6.0299,7.0687,-6.5594e-06,-5.3132e-06,0.00082242,0.36291,2.3529,0.30037,0.065365,0.075246,0.25656,0.57149,0.088362
0.041231,2.3553,0.29446,1.1623,4.9526,-2.6426e-06,0,-2.5267e-06,0.87673,0,-2.4848e-06,0,0.59606,3.1897,0.053116,0.0034537,-2.8639e-06,0.43922,4.7143,1.5236,0.099281,0.17903,0.13697,0.040954,0.075211
0.071442,4.7611,0.26179,8.1242,15.237,-2.6426e-06,0,-2.5267e-06,1.6417,0,-2.4848e-06,1.7612,0,5.5847,0.95169,-5.3132e-06,0.53231,0.15984,6.1243,0.48697,0.011649,0.23614,0.085032,0.011226,2.1281e-06
0.040145,12.179,0.014684,4.3567,3.1477,-2.6426e-06,0,0.51365,1.1108,0.001161,-2.4848e-06,1.178,0,0.62377,3.0665,-5.3132e-06,2.1702,0.19121,1.105,1.7153,0.0094596,0.0046928,0.00010437,-3.566e-06,2.1281e-06
0,5.4716,0.02747,4.816,0.072752,-2.6426e-06,0,0.15964,0.30625,0.10465,-2.4848e-06,0,0,0.84108,1.6384,9.5183e-05,2.3559,0.38787,0.01368,0.90471,0.01574,0.374,2.9923e-06,0.1026,0.070413
0.61989,0.44606,0.013961,2.9786,0.99398,-2.6426e-06,0,6.2446,0.0070985,0.43561,-2.4848e-06,0,0.0079722,0.19721,0.75949,0.6899,0.00076497,0.023066,0.17008,0.88837,0.36702,0.16052,0.065329,0.058015,0.06404
0.28161,0,0.0089652,0.17129,1.7706,0.60425,0,0.29105,-4.6184e-06,0.8155,-2.4848e-06,0,0.0017696,0.27508,0.096722,3.1301,0.30496,0.22508,0.17806,0.32092,0.061376,0.10593,0.7207,0.012738,0.27518
0,0.00096475,11.568,0.39768,0.56012,1.1454,0,0.023753,-4.6184e-06,0,-2.4848e-06,0,0,0.22871,0.062158,2.7658,0.98269,0.1339,0.18884,0.025109,0.049869,0.35204,0.91569,0.43107,0.12218
0.14585,0,1.0293,5.4084,-9.5647e-07,0.12954,0,1.1441,0.17742,0,-2.4848e-06,0,0,0.65172,0.29958,0.023022,0.070031,0.069208,0.10679,0.46905,0.081544,0.0060779,0.77841,1.2297,0.21705
0.00019174,2.4348,-3.5767e-06,1.1696,0.47171,0.26842,0.088143,2.5351,0.54405,0,-2.4848e-06,0.18377,0,0.15564,-6.5593e-06,0.067455,2.0353,0.36007,0.10787,0.46667,0.0019338,0.12466,1.1089,0.6918,1.3975
0,0.29351,0.035412,0.04195,15.468,0.009384,0.089483,1.7184,1.6538,0,-2.4848e-06,1.1012,0.23035,0,0.0025765,0.0059172,6.1521,0.13818,3.6962,1.8984,0.0015654,0.10411,5.4716,0.094734,0.12072
0,0.0063021,0.0077789,0,3.9235,-2.6426e-06,0,0.96821,4.36,0.1887,0.016287,0,0.060261,0.031135,0.00018097,-5.3132e-06,2.2885,0.13453,2.0403,2.7672,-6.5193e-06,0.071057,3.7103,0.0040205,0.04503
0,0,-3.5767e-06,0.23829,-9.5647e-07,-2.6426e-06,2.3275,0.038449,0.54137,0.84267,1.292,0.059438,0,1.8204,-6.5593e-06,-5.3132e-06,1.4487,0.076529,0.48174,0.87349,-6.5193e-06,0.032341,1.9931,-3.566e-06,0.039551
0,0.09911,0.049771,0.13362,-9.5647e-07,-2.6426e-06,1.4894,0.019913,0.019135,0,1.8575,0.272,0.0041601,0.44877,0.00036198,-5.3132e-06,1.3078,0.037845,0.082641,0.076101,0.014192,0.020279,1.6318,0.028988,0.0044881
0.003916,0.83286,0.023795,2.5617,0.29123,-2.6426e-06,0,0.04982,-4.6184e-06,0,0.42826,0.0020839,0.50406,0.00063867,0.0010583,-5.3132e-06,0.37678,0.2395,0.14571,0.16378,-6.5193e-06,0.0039435,0.41418,0.062422,0.0077871
0,0.26249,-3.5767e-06,0.039877,6.0542,-2.6426e-06,0.041398,0.024573,0.013308,0,0.26926,0,0.10571,0.0061154,0.069279,0.034864,0.0026147,0.088831,0.0032312,0.027916,0.048562,0.00014168,0.67488,0.89441,2.1281e-06
0,0,-3.5767e-06,0,0.5073,-2.6426e-06,0.017146,1.1949,0.0075258,0,1.7078,0,0,0.0036074,0.57412,-5.3132e-06,-2.8638e-06,0.78546,0.082622,0.042831,0.091413,0.0084005,2.2563,1.053,0.040942
0.22991,0,0.052687,0,0.072516,-2.6426e-06,0,0.25041,0.079896,0,0.21516,0,0,0.00027001,0.87055,-5.3132e-06,0.0021666,1.5807,0.10556,0.0023022,0.013805,0.0040235,1.8119,0.18557,0.029924
0.16831,0,0.36485,0,-9.5647e-07,0.014398,0.020764,0.029892,21.757,0,0.20278,0,0.0021012,0,0.84234,0.020848,0.0023906,0.72702,0.51584,0.021883,0.0076902,0.8808,0.51472,0.24061,0.13767
0.011928,0,0.012778,0,-9.5647e-07,0.18023,0,-2.5267e-06,3.5211,0,-2.4848e-06,0,0,0.095432,0.036027,0.00022827,0.08345,0.17381,2.1476,0.10501,0.0085268,1.9,0.5315,1.6255,0.002819
0.19632,0,-3.5767e-06,0.022345,0.0038745,1.1107,0,-2.5267e-06,1.2376,0,0.28515,0.69701,0.055503,0.57011,0.177,-5.3132e-06,1.4008,0.35253,1.0021,0.028686,0.10669,0.60319,0.2133,1.259,0.19433
0.94066,0,-3.5767e-06,0,0.26025,1.6117,0.062171,0.0061092,0.27873,0,0.4247,0.67447,1.8328,2.5139,0.97332,-5.3132e-06,2.2827,0.62774,0.089946,0.003943,0.2688,0.34945,0.49295,0.33637,0.03693
3.9965,0,-3.5767e-06,0.00048005,0.18703,3.6538,0.29994,0.083487,6.1391,0,0.40811,0.0041435,1.0484,0.8659,1.3659,-5.3132e-06,0.91449,0.12983,0.13665,0.034767,0.020122,0.027109,0.020634,0.014995,0.021185
5.6014,0,-3.5767e-06,0.00020849,0.84818,13.161,2.2675,0.231,0.78452,0,0.14241,1.9926,2.6272,1.1121,2.1607,0.32756,0.29027,0.099648,0.014105,0.0082182,0.0049083,0.00024098,0.0074291,0.58569,0.00018817
0.006458,0.10356,-3.5767e-06,0.76983,3.8233,2.6287,0.025181,0.38409,0.041526,0,0.086437,2.937,1.7125,0.37446,9.3855,0.5499,-2.8638e-06,0.014995,0.024571,0.044663,9.9711e-05,0.10365,0.013322,0.17147,0.036372
0.051897,0.10356,0.41579,0.89675,0.24507,0.89911,0.029361,2.172,-4.6184e-06,0,0.039741,2.5804,2.0962,0.0053703,1.4304,0.30173,0.15081,0.13782,0.41827,0.78199,0.12343,0.12991,2.9923e-06,0.0016941,0.59736
0.07507,0,0.95113,0.11521,0.034704,1.6249,0,0.51508,-4.6184e-06,0,0.48373,5.9407,5.7334,0.0084805,1.7331,0.45303,-2.8638e-06,0.28672,1.2152,0.73765,0.0069151,0.00012105,2.9923e-06,0.74474,2.5861
0.082615,0,0.17387,1.22,-9.5647e-07,5.086,0.00050874,0.63723,0.21652,0.46377,0.95048,0.57802,0.00076407,0.014156,3.1785,0.030232,0.022395,0.022965,0.21572,1.1324,0.0012865,-2.7553e-06,0.0033764,0.15664,3.3988
0.2631,0,-3.5767e-06,2.3321,-9.5647e-07,7.8348,0,0.19835,1.3569,0.22725,0.36273,0.192,0.075975,0.0059349,0.10765,0.65486,-2.8638e-06,0.019366,0.52822,1.4857,0.0060337,0.15135,0.093126,0.036401,0.12515
0.010787,0.26771,-3.5767e-06,2.314,-9.5647e-07,6.1955,1.3147,0.007645,2.1411,0.05493,8.8404e-05,0,0.019603,0,0.01987,0.8853,0.19115,0.80004,2.5258,2.1004,0.8662,0.052093,0.077631,0.014041,0.15734
0,0.9679,-3.5767e-06,0.88251,-9.5647e-07,1.6001,6.5123,-2.5267e-06,0.3664,0,0.068474,0,0,0.019622,0.09902,0.67632,6.184,2.7594,4.3922,2.0319,0.27925,0.0031285,0.25133,-3.566e-06,0.0049283
0,0.32391,-3.5767e-06,0.01924,0.014735,0.38586,9.559,-2.5267e-06,0.036418,0.005389,0.31133,0.1379,0.00068493,0,0.014952,2.0058,0.079374,1.399,1.2489,5.2177,0.33827,0.00022164,8.0854,0.0015807,0.0026749
0,0.16126,-3.5767e-06,2.249,1.3853,0.087015,0.4619,-2.5267e-06,0.014784,0,0.9056,0,0,0,0.0030412,1.4669,-2.8638e-06,0.17308,1.0032,4.2655,0.082085,0.00061369,0.48661,0.016546,2.1281e-06
0,0.37649,-3.5769e-06,0.064258,1.8605,2.6764,2.8332,-2.5267e-06,-4.6184e-06,0,0.012888,0,0,0.042383,0.021414,1.7454,-2.8639e-06,0.030757,1.3693,1.1439,0.034725,0.034557,0.56471,0.010625,0.0027404
0,0.0005225,0.040079,0.015728,0.40498,0.44831,0.65432,0.013464,-4.6184e-06,0,-2.4848e-06,0,0.026685,0.016826,0.00079412,0.99219,-2.8639e-06,0.1184,0.10061,0.12484,0.054656,0.11047,0.12132,0.063956,1.01
0,0,-3.5769e-06,0.018946,0.44279,0.77366,0.043196,-2.5267e-06,0.034315,0,-2.4848e-06,0,0.0019457,0,0.25161,0.001881,0.25623,0.3621,0.66037,0.045532,1.7782,0.44887,0.036735,0.37104,3.3879
0,0,-3.5769e-06,0,0.35668,2.218,0.27779,-2.5267e-06,0.050723,0.024219,-2.4848e-06,0,0.66303,0.20738,0.54778,0.39831,0.21806,0.20459,4.2057,0.029222,1.6852,3.8783,0.21639,0.86283,0.36677
0,0.038333,-3.5769e-06,0,0.05395,0.41623,0.020583,-2.5267e-06,0.0017836,1.0011,-2.4848e-06,0,1.4572,0.0036646,0.33617,0.0057257,0.023924,0.0395,1.6308,0.042102,1.5786,0.29234,0.00046025,0.17022,1.5315
0.35416,0,-3.5769e-06,0.036848,0.0038414,0.033386,0,0.0045995,0.15052,1.333,-2.4848e-06,0,0.26756,0.0030389,0.89323,-5.3132e-06,0.004922,0,0.35542,0.02706,0.18079,0.011303,2.9923e-06,0.01516,0.60517
0.23428,0,-3.5769e-06,2.1024,0.18521,0.045143,0.00039312,0.079226,-4.6184e-06,0.46021,0.14472,0,0.24064,0,4.694,0.15527,0.53946,0,0.20097,0.16111,0.036605,-2.7553e-06,0.068652,0.086343,0.28523
0.30552,0,0.60089,0.91931,2.8501,0.033266,0,0.22528,-4.6184e-06,0,1.4006,0.00047456,0,0,0.98751,0.035087,0.011363,0,0.11071,0.03429,0.028565,0.0086146,0.12495,0.12822,0.0001017
0.035002,0,2.0559,0.51408,4.7115,0.027049,0,-2.5267e-06,0.017419,0,1.4031,0.19548,0,0,-6.5593e-06,0.12557,0.024633,0.0032852,1.1516,1.6134,0.033702,-2.7553e-06,0.1492,0.081793,2.1281e-06
0.31879,0,0.093928,1.3243,9.7626,1.272,0.5381,0.38222,-4.6184e-06,0.12635,0.58526,0.91831,0,0,1.0118,0.20011,0.00028819,0,7.119,0.056603,0.031248,0.14635,0.027432,0.03315,2.1281e-06
3.4533,0.04188,-3.5769e-06,0.36786,2.1064,0.4527,0.31485,0.056256,-4.6184e-06,0.75019,1.9796,0.30022,0,0,2.2961,2.0074,0.075474,0.03355,5.1537,0.13073,1.8082,0.14934,0.14613,0.002592,0.25375
2.2617,0.09403,0.091482,0,-9.5647e-07,0.63758,0.084733,-2.5267e-06,0.5593,0.69405,1.1538,0.76035,0,0,2.8734,1.0445,-2.8639e-06,0.19889,2.1377,0.012084,1.7889,0.078166,0.16823,0.00019639,0.13113
14.886,0,0.45192,0,0.22087,0.015006,0,-2.5267e-06,3.1995,0.41504,0.12563,0.15932,0,0,1.3143,0.11936,0.0043897,0.35524,0.094599,0.0025093,2.5809,0.010359,1.2304,0.19799,0.0013883
1.4857,1.9475,0.15822,0,2.992,0.20028,0,-2.5267e-06,4.0149,0.090297,0.035269,0.013961,0.47256,0.78324,3.3531,9.1109e-05,-2.8639e-06,0.79975,0.14021,0.12874,0.28292,0.00093996,0.11899,0.0044454,0.19222
0.21256,4.5294,-3.5769e-06,0,1.3699,1.5025,0,-2.5267e-06,0.635,0.26896,0.0022023,0.62364,1.9739,0.78183,9.5121,0.17336,1.1615,0.22477,0.4568,0.49196,0.060182,0.00090901,0.14672,0.019815,1.5316
2.0301,0.027337,0.021311,0.013956,0.43198,3.8354,0.0017504,0.16781,0.037718,0,-2.4848e-06,1.5292,1.0336,1.0008,4.4575,0.035274,3.2401,0.017752,0.051797,0.25764,0.11449,0.017744,0.0023001,0.0058527,0.55183
1.6456,0.29896,0.00099904,0.90943,0.66831,0.043328,0.12608,0.018846,-4.6184e-06,0,0.68246,5.2881,0.15966,0.67513,0.1601,0.0043826,1.3003,0,0.069833,0.017742,0.04072,0.22858,2.9923e-06,0.0099037,0.11991
3.1971,4.8397,0.26576,0.72699,2.7529,0.16314,1.97,0.0032367,-4.6184e-06,0,0.49911,10.089,0.43382,0.64977,0.19095,-5.3132e-06,-2.8639e-06,0.64832,0.19547,0.021739,0.03662,0.12036,0.0053628,0.0001887,0.41568
1.6142,0.12589,2.4357,0.47294,4.9712,0.13869,0,0.2656,0.038742,0,1.0026,5.614,0.88106,0,0.59852,0.19237,-2.8639e-06,0.084189,0.11084,0.059993,0.19766,0.096561,0.088286,0.0058431,0.062628
1.7518,0.0017298,1.1523,0.51337,8.0918,-2.6426e-06,0.042595,2.7329,-4.6184e-06,0,0.76428,5.0764,0.44938,0.30171,1.2898,9.6542e-05,0.59556,0,0.48202,0.49881,0.5571,0.20004,0.04003,0.068171,0.012965
0.35636,0.2996,0.080619,0.13528,4.4111,0.1885,0.06882,6.5449,0.10135,0,0.18764,0.76384,0.0026742,0,4.2182,0.20456,0.62115,0.0086112,0.027718,0.71658,0.28059,0.0020194,0.059367,0.95914,0.51202
0.054967,0.0056868,-3.5769e-06,0.012343,7.0734,1.0062,0,2.3537,0.085683,0,4.1549,0.44644,0,0.55138,0.064002,0.015883,0.97072,0.0089781,0.082512,0.056357,0.16493,-2.7553e-06,0.038214,0.062266,12.161
1.3926,0,-3.5769e-06,0,3.1053,1.7429,0,2.0038,1.5209,0,4.1901,2.9691,0.00071632,0.093299,0.057148,0.00060038,4.6674,0,0.42907,0.21577,0.95403,0.12048,0.019659,0.1848,1.0332
0.0077902,0,0.093895,0.11076,1.9188,0.81565,0,0.31928,1.463,0,4.7286,5.5695,0,0.079103,0.0031179,0.005579,0.39347,0,5.4961,0.00055005,0.59309,0.47087,0.012345,0.46635,0.17088
0.075835,1.1124,-3.5769e-06,0,1.0075,1.1621,0,0.17949,0.2011,0,0.93618,2.258,0.16761,0.12573,-6.5593e-06,-5.3132e-06,0.056261,0,0.71849,0.1145,0.070356,0.051768,2.9923e-06,0.031514,0.062292
1.5005,1.6078,-3.5769e-06,0,0.013752,-2.6426e-06,0,-2.5267e-06,-4.6184e-06,0,2.5954,1.1367,1.3097,0.017017,0.029669,-5.3132e-06,0.019806,0.29614,0.17888,0.081135,0.0048004,0.053774,2.9923e-06,0.68502,0.31797
1.1996,0.22461,0.033309,0.36294,-9.5647e-07,0.027968,0,0.52425,-4.6184e-06,0,0.39577,0,2.3522,0.0040319,0.22689,-5.3132e-06,-2.8639e-06,1.4829,0.14094,0,0.21835,0.0018311,0.0031758,3.0432,2.7426
0.0015122,0.011263,-3.5769e-06,1.4473,0.077022,-2.6426e-06,0,3.2265,-4.6184e-06,0,-2.4848e-06,0,1.3615,0.024137,-6.5593e-06,0.0090204,0.022297,0.16881,0.042211,0.00057014,2.8489,0.054546,0.014534,0.73605,0.1056
1.6839,0.077738,0.0017984,1.4613,0.062738,0.53285,0.37903,1.6601,-4.6184e-06,0,0.15981,0,0,0,0.0027249,0.00010741,0.0028655,0.0037648,0.0025769,0.0028399,0.4509,0.050838,0.061114,1.6254,0.5868
1.1532,0,0.0010127,2.7137,0.025659,7.1292,0.19667,1.4676,-4.6184e-06,0,0.16512,0,0,0.18997,-6.5593e-06,0.00032334,-2.8639e-06,0,0.0084666,0.0031798,0.82414,0.0025817,0.12859,0.65035,0.079689
0.56987,0.22356,-3.5769e-06,0,1.4906,7.6161,1.3648,0.59184,0.019504,0,-2.4848e-06,0,0,0.16637,-6.5593e-06,-5.3132e-06,-2.8639e-06,0,0.039799,0.020868,0.25139,1.3847,0.38339,0.086505,0.037321
0.010321,0.29619,0.10763,0,2.0589,0.0002693,3.4485,0.96574,0.072718,0,-2.4849e-06,0.00018757,0.076834,0.55129,0.0068245,-5.3132e-06,0.0092763,0.078061,0.38678,0,0.065345,13.861,0.00078163,0.020265,0.047121
0.36758,2.531,-3.5764e-06,0.049105,0.42774,-2.6427e-06,5.4128,-2.5267e-06,0.016452,0,-2.4849e-06,0.21812,0,0.039353,0.00017608,0.047383,0.34955,0,2.489,0,0.20987,12.518,0.081615,-3.566e-06,0.098078
0.035393,0.17277,0.028873,0.12788,0.0044687,-2.6427e-06,0.036969,-2.5267e-06,-4.6184e-06,0,-2.4849e-06,0.025938,0,0.97378,0.00031795,0.094989,1.6662,0.23281,1.1517,0,1.3016,1.3093,0.074245,0.075811,0.011049
0,0,0.001302,0.0040243,-9.5647e-07,0.060816,0.081344,-2.5267e-06,-4.6184e-06,0,0.022845,0.91334,0,1.8977,0.00064246,-5.3132e-06,3.3312,0.2858,0.27328,0.00018232,0.33944,2.5858,0.010347,0.2203,0.17419
0,0.59027,0.002973,0,-9.5647e-07,3.9092,1.2379,-2.5267e-06,-4.6184e-06,0,0.85585,0.94114,0.085973,1.4151,0.26815,-5.3132e-06,0.72247,1.4205,1.0714,0.76882,0.073346,2.3921,4.1731,0.32498,0.96502
0,0.73012,-3.5764e-06,0,-9.5647e-07,8.0328,15.181,0.90107,-4.6184e-06,0,0.54865,0.6295,0.039047,0.88836,-6.5593e-06,-5.3132e-06,-2.8641e-06,0.12413,0.33367,4.6863,0.0045398,0.15608,9.2875,4.5828,2.0278
0,3.9657,-3.5764e-06,0,-9.5647e-07,0.194,11.526,2.8743,-4.6184e-06,0,0.0010069,0.38906,1.6445,0.011665,-6.5593e-06,0.14616,0.26195,0.19245,0.091046,3.1189,8.6432e-05,0.054337,0.17271,3.415,0.1461
0,1.678,-3.5764e-06,0,0.02038,0.85199,24.016,16.289,-4.6184e-06,0,0.031627,0,6.6298,0.040688,-6.5593e-06,0.036847,0.063945,0.083675,0.052824,5.2343,-6.5198e-06,0.5636,0.049171,0.093288,3.2121
0,9.2004,0.2072,0.094176,0.099389,0.14448,13.542,1.1236,-4.6184e-06,0,1.3714,0,6.5793,0.018199,-6.5593e-06,-5.3132e-06,0.029966,0.084579,0.30876,9.3431,-6.5198e-06,0.054843,0.0024662,-3.566e-06,1.7873
0.0016328,10.637,0.028873,0.56757,0.24966,-2.6427e-06,5.7033,-2.5267e-06,-4.6184e-06,0.13916,-2.4849e-06,0,10.839,0.18435,-6.5593e-06,0.10341,0.11173,0.54043,2.8357,4.1699,0.0016666,1.8848,2.9923e-06,-3.566e-06,1.0322
0,6.9588,-3.5764e-06,0.33756,0.044455,9.1053e-05,6.3218,0.11098,-4.6184e-06,0.056393,0.0091841,0,2.2598,0.81656,-6.5593e-06,0.043324,-2.8641e-06,0.84186,18.368,1.1034,0.30316,0.14169,0.062878,-3.566e-06,0.018203
0,5.6572,-3.5764e-06,2.9137,0.080502,-2.6427e-06,3.1652,0.38644,0.029171,0.00019191,-2.4849e-06,0,0.18581,1.8064,0.46109,0.51756,0.0048607,0.28086,0.70219,5.2724,0.11503,0.019431,0.32722,0.047322,0.0047109
0,9.9999,-3.5764e-06,2.2076,0.0072851,-2.6427e-06,0.10925,2.7169,0.0041213,0,-2.4849e-06,0,0.36611,0.27971,0.023945,0.95314,-2.8641e-06,0.37728,0.28985,0.39365,-6.5198e-06,0.01336,6.796,0.021576,0.084602
0,0.9384,-3.5764e-06,0.42186,-9.5647e-07,-2.6427e-06,1.9712,4.0776,-4.6184e-06,0,-2.4849e-06,0,0.208,0.016542,-6.5593e-06,0.43913,-2.8641e-06,1.4824,0.44671,0.062133,-6.5198e-06,0.0044349,0.69119,0.0012923,0.015281
0,0.0034025,-3.5764e-06,0.23923,-9.5647e-07,0.68066,1.4444,1.8605,-4.6184e-06,0,0.58161,0,0,0,-6.5593e-06,0.015506,-2.8641e-06,5.9301,2.1487,0.34187,0.0030542,0.16155,2.681,0.018079,0.0040925
0,0.10263,-3.5764e-06,0.04459,-9.5647e-07,-2.6427e-06,4.1406,0.27471,0.0014715,0,7.1105,0,0,0.030899,0.26897,0.019695,0.16462,1.7005,1.4644,0.088695,-6.5198e-06,0.042086,1.9557,0.16905,0.042412
0,0.63075,-3.5764e-06,0.11899,0.12979,-2.6427e-06,8.1071,4.4838,0.0014521,0.062267,8.1375,0,0,0,2.0395,0.0032119,0.36916,0.46851,1.6544,0.14132,0.00021922,0.50936,0.71971,3.5891,0.21899
0.041913,5.1555,-3.5764e-06,2.2218,1.2903,-2.6427e-06,0.033717,2.5456,0.00060303,1.6475,1.1169,0,0,0,0.88229,-5.3132e-06,0.0052092,0.22496,0.079301,0.21714,0.073516,0.004213,0.12571,0.17574,0.14521
0.017773,0.8891,0.19023,16.939,0.30092,0.80615,0,3.8022,-4.6184e-06,3.5725,-2.4849e-06,0.95957,0,0,0.18441,0.00033013,0.52797,0.55513,0.10578,1.212,0.0079159,0.10205,0.020107,0.15208,0.10276
0,4.433,-3.5764e-06,3.2029,-9.5647e-07,9.6674,0.087558,3.639,-4.6184e-06,1.5932,-2.4849e-06,0.039157,0,0.015358,-6.5593e-06,-5.3132e-06,0.19109,1.0165,0.0060216,1.1657,0.026448,0.017581,0.00010005,0.026542,0.011972
0,1.8035,-3.5764e-06,0,0.075605,2.1124,0.33424,0.41384,-4.6184e-06,0,-2.4849e-06,0,0,0,0.00017934,-5.3132e-06,1.4436,0.0054243,0.17784,1.7455,0.00039018,3.6451,0.00085496,0.041529,0.0020722
0,0.068966,-3.5764e-06,0,0.0052425,0.13882,0,0.053438,-4.6184e-06,0,-2.4849e-06,0,0,0.17495,-6.5593e-06,-5.3132e-06,-2.8641e-06,0.043423,0.057944,1.5054,-6.5198e-06,1.7986,2.9923e-06,0.072577,2.1281e-06
0,0,0.089944,0.69456,0.00028431,1.4547,0,2.4701,-4.6184e-06,0,-2.4849e-06,0,0,0.075203,0.017992,-5.3132e-06,-2.8641e-06,0.012119,0.079052,0.040825,0.001006,0.71203,0.00094124,0.001498,0.005607
0,0,-3.5764e-06,2.0158,-9.5647e-07,0.057474,0,5.6226,-4.6184e-06,0.089104,-2.4849e-06,0.35547,0,10.255,0.06431,0.00081088,-2.8641e-06,0.1731,0.01357,0.48581,0.032457,0.33393,0.068059,0.0033418,0.028053
6.236,0,11.902,4.2334,0.045055,0.22231,0,4.222,-4.6184e-06,0.19833,0.53553,0.36367,0.038097,1.4899,0.0019209,-5.3132e-06,0.032482,0,0.11168,3.1281,0.042356,0.010256,0.92295,-3.566e-06,2.1281e-06
0.46721,0,0.55098,10.392,0.10652,0.0077306,0,13.499,0.77827,0.75448,1.5215,3.4668,0.13223,0,-6.5593e-06,-5.3132e-06,0.051626,0,0.06409,1.4491,0.046056,0.094566,0.086818,0.019884,2.1281e-06
0.13161,0,3.5997,3.5493,2.0583,0.00027159,0.49697,3.2995,0.0034901,3.9247,0.35543,0.20862,0.17952,0,-6.5593e-06,0.074725,0.30597,0.13598,0.18102,0.44544,0.033652,0.043833,0.022749,1.7074,2.1281e-06
0,0,2.4482,6.9802,0.68507,-2.6427e-06,0,1.2291,-4.6184e-06,0,0.21662,0,5.5181,0.00077108,0.023851,0.015183,0.29251,0.24516,-1.7872e-06,0.10636,0.092864,0.021842,0.079965,0.091506,2.1281e-06
0,0,0.15866,1.0031,9.2478,-2.6427e-06,0.011683,4.6277,-4.6184e-06,0,2.6644,0,0.2065,0,-6.5593e-06,5.367,0.45863,0.022788,0.047585,0.098947,-6.5198e-06,0.0045677,2.9923e-06,1.4652,2.1281e-06
0,0,0.00046353,1.4281,12.736,0.0053233,0.0015778,5.2257,0.00048649,0,2.9679,0,0,0,0.047822,1.201,0.00029776,0.0048583,0.050781,0.18967,0.00032545,1.0796,0.0095364,0.79046,2.1281e-06
0,0,-3.5763e-06,1.656,1.3375,0.025084,0,0.21092,-4.6184e-06,0,3.9777,0.0003789,0.027322,0.012832,-6.5594e-06,0.17282,0.02775,0.3248,0.64545,1.434,-6.5193e-06,3.8583,0.0048409,0.02119,0.18454
0,0,1.5234,0.22276,1.0126,0.026237,0,-2.5267e-06,-4.6184e-06,0,7.659,0.95395,0,2.0432,-6.5594e-06,0.6584,0.74386,0,2.2384,5.3576,0.064348,0.02466,0.0021599,-3.566e-06,0.65745
0,0,0.04125,3.6265,0.013001,-2.6426e-06,0.0020759,-2.5267e-06,-4.6184e-06,0,4.2237,0.55042,0,5.3308,-6.5594e-06,2.2439,7.5214,0.04984,0.13907,0.25646,0.029728,0.00028741,0.0055872,0.089497,0.031863
0,0,0.22119,3.0262,0.28868,0.0042639,0.075126,-2.5267e-06,-4.6184e-06,0.27663,0.4987,1.0751,0,6.6099,-6.5594e-06,1.9025,1.2604,0.0078342,0.30068,0.32635,0.0043688,-2.7553e-06,0.075671,0.099194,0.0034714
0,0,0.0035984,0.01489,-9.5647e-07,0.093784,0.052514,-2.5267e-06,0.04477,0.059113,0.0056615,5.5128,0,0.0025728,0.14967,7.0375,0.36813,0.083944,0.18256,0.059402,-6.5193e-06,-2.7553e-06,0.0033354,0.049154,0.04662
0,0,1.1936,0.54986,-9.5647e-07,-2.6426e-06,3.7039,-2.5267e-06,0.0048649,0,0.0014297,1.6858,0,0.2218,1.8149,0.50612,0.79352,0,3.4383,0.027719,0.79378,0.0016609,0.0074744,-3.566e-06,0.017037
0,0,9.0265,3.7768,0.22123,-2.6426e-06,11.214,-2.5267e-06,-4.6184e-06,0,-2.4849e-06,0,0,0,7.1303,0.026943,0.47794,0.013139,4.1765,0.00048052,0.22599,0.001341,0.20565,0.083061,0.13651
0,0,0.75778,0.10539,2.6935,-2.6426e-06,0.62688,-2.5267e-06,-4.6184e-06,0,-2.4849e-06,0,0,0.027051,0.93565,0.00075792,0.080098,0.057611,2.7282,0.0012561,0.013501,0.051593,0.76661,0.046118,0.02238
0,0,3.2297,0,12.391,0.17858,0.1361,0.035383,-4.6184e-06,0,-2.4849e-06,0,0,0,0.88118,0.037973,0.55528,0.022304,10.762,0.24192,0.039121,0.30436,0.24503,0.029937,2.1281e-06
0,0.011902,10.461,0,1.1139,0.047702,0.1779,0.85716,0.012334,0,-2.4849e-06,0.095114,0,0.0010151,0.070133,0.0036818,0.70873,0.013086,5.4703,0.38501,0.10518,9.2652,0.40147,0.0019575,0.0054288
0,0,8.7002,0,0.28378,13.72,4.1021,-2.5267e-06,-4.6184e-06,0,-2.4849e-06,0.0092079,0,0,1.0716,4.0047,5.6244,0.1668,3.3893,0.046834,0.023449,8.8765,14.827,0.0010943,0.36618
0,5.5142,2.517,0,1.0811,2.0423,0.027141,-2.5267e-06,0.015932,0,-2.4849e-06,0.36382,0,0,0.25108,-5.3132e-06,2.0432,0.26831,0.2585,0.064277,-6.5193e-06,13.204,1.034,0.094155,1.1941
0.36691,2.308,1.3067,0,3.3264,7.9138,0.00044115,-2.5267e-06,0.094998,0,-2.4849e-06,0.6864,0,0.11994,2.5995,1.7599,0.23124,2.6185,0.96532,0.28985,-6.5193e-06,5.1341,2.2079,0.0037859,0.019282
2.3176,3.0403,0.14894,0,1.6175,0.96248,0.026963,-2.5267e-06,-4.6184e-06,0.019844,-2.4849e-06,3.7607,0,0.050869,2.2802,5.3618,0.020124,1.5461,0.63924,0.41616,0.020513,2.411,1.608,0.012611,0.0017499
10.682,1.3281,-3.5763e-06,0.022065,-9.5647e-07,0.081209,0,-2.5267e-06,-4.6184e-06,0.013668,-2.4849e-06,2.4224,0.0096204,0.089904,2.6605,0.77434,-2.8639e-06,1.0819,0.20773,0.30952,0.015518,0.89477,0.22086,0.0056566,3.4393
0.0013185,0.12188,-3.5763e-06,0,0.037684,0.13475,0,-2.5267e-06,-4.6184e-06,0.46588,-2.4849e-06,1.3528,0.55748,0.054779,2.8766,0.79215,0.068442,0.79759,0.0023604,0.066999,0.0037265,0.48037,0.21825,0.0013038,1.1281
4.171,0.00060274,-3.5763e-06,3.1239,0.22381,2.9358,0,1.185,-4.6184e-06,0.29535,-2.4849e-06,0.21365,0,0.50717,0.33541,0.038091,4.662,0.4085,-1.7872e-06,0.036182,0.0042078,0.0043665,0.7319,0.005224,0.10331
17.49,0.3861,0.044067,0.43105,0.04396,0.31918,0.0065211,0.15874,-4.6184e-06,0.59336,-2.4849e-06,2.5242,0,0.0036775,0.0017204,0.13371,3.1987,5.6877,0.013837,0.05057,-6.5193e-06,0.014204,0.0068489,0.0015076,0.010014
19.882,0,-3.5763e-06,0.0040015,0.20683,0.21139,0.022295,0.12533,-4.6184e-06,1.664,-2.4849e-06,0.51528,0,0,0.0226,-5.3132e-06,-2.8639e-06,2.7996,0.00028314,0.013583,0.39663,0.29492,0.0030938,0.010198,2.1281e-06
3.2545,0.0027088,-3.5763e-06,0.09368,-9.5647e-07,0.013299,2.5485,0.13614,-4.6184e-06,0,0.24765,1.5475,0.003452,0,-6.5594e-06,0.073657,0.0010464,0.46309,-1.7872e-06,0.00020859,0.041896,4.0565,0.0079619,-3.566e-06,0.0053764
3.4664,0,-3.5763e-06,0.7568,0.020436,-2.6426e-06,10.311,0.010613,-4.6184e-06,0,8.8582,6.0805,1.8485,0.0124,0.071862,0.41165,0.18005,1.2031,0.0014085,0.045795,-6.5193e-06,5.6354,2.9923e-06,0.055255,0.00054191
4.2932,0,-3.5763e-06,4.3721,3.7763,-2.6426e-06,15.81,-2.5267e-06,-4.6184e-06,0,6.6486,1.1774,0.67377,0.17308,0.0023677,8.4319e-05,0.16552,1.9437,0.25406,1.127,-6.5193e-06,0.58662,5.903,3.5351,0.00080133
1.4193,0,-3.5763e-06,7.7766,1.7058,-2.6426e-06,12.227,-2.5267e-06,0.035619,0,8.9922,0,2.394,0.38124,0.24975,-5.3132e-06,-2.8639e-06,1.2723,1.403,0.98814,0.36529,0.013612,7.089,3.0663,2.1281e-06
0.29141,0,-3.5763e-06,5.6254,-9.5647e-07,0.26582,0.98039,-2.5267e-06,-4.6184e-06,0,5.9374,0,1.4818,0.12476,-6.5594e-06,-5.3132e-06,0.13869,16.5,0.61335,0.074587,0.00041674,0.43422,0.38348,0.22456,2.1281e-06
3.5514,4.013,0.11338,8.202,-9.5647e-07,5.1288,1.3328,-2.5267e-06,-4.6184e-06,0,4.8734,0,19.795,0.00066593,-6.5594e-06,-5.3132e-06,2.0549,3.8629,0.16847,0.10335,-6.5193e-06,0.36461,0.13782,0.004578,2.1281e-06
0.41953,2.7683,2.7318,10.766,-9.5647e-07,8.841,0.021239,0.17933,-4.6184e-06,0,2.2061,0.25583,16.671,0.0092023,0.5779,0.61206,3.9109,0.28112,0.094831,0.014652,0.22472,7.0931,0.026675,-3.566e-06,0.029994
3.7058,0,2.5282,4.7307,-9.5647e-07,3.9013,0,3.223,-4.6184e-06,0,5.0345,0,2.7551,0.24854,0.19017,10.013,0.0015864,1.0347,0.11252,0.20843,1.7052,1.8373,0.17439,0.058035,0.043822
0.14669,0,5.4034,1.5547,0.033728,3.4198,0,0.29532,0.0049995,0,0.19142,0.090418,0.58316,4.0645,0.4346,3.4061,-2.8639e-06,0.95073,2.3861,0.52004,13.826,2.2379,3.0081,0.42186,0.093375
0,0,2.4544,15.52,-9.5647e-07,1.5764,0,5.1781,0.80919,0,0.26888,0.0083751,0.93726,15.549,-6.5594e-06,0.085421,0.0051843,0.69156,7.8442,0.020633,4.6592,13.368,0.80471,5.141,2.2824
0.014011,0,1.2438,2.6876,3.4017,0.00062694,0,5.5516,1.0907,0,-2.4849e-06,1.7288,0.14479,10.886,-6.5594e-06,0.577,0.0054179,0.93989,10.299,0,0.84803,1.9467,9.9695,1.6515,0.41223
0.15566,0,0.046136,0.24713,3.2122,0.021855,0.059762,-2.5267e-06,0.44366,0.00039087,0.20979,4.6504,3.0058,4.7225,0.027981,3.9315,-2.8639e-06,0.22536,2.6498,0.043282,1.3394,0.64621,5.4375,0.36086,0.19822
0.028969,0.013251,-3.5763e-06,0.022015,6.4457,0.75716,0.35829,-2.5267e-06,6.0734,2.7957,-2.4848e-06,0.27932,3.2933,9.3194,0.053441,6.2225,0.0065247,0.23933,0.46531,0.16401,0.020025,0.14569,1.2204,0.016775,0.11873
0.44179,0.029495,-3.5763e-06,0,4.3122,19.961,0.065769,0.076735,2.6086,14.59,0.15412,0.0045618,0.031519,4.3376,-6.5593e-06,0.31208,-2.8639e-06,0.1672,0.021083,1.0777,0.079543,0.1799,0.44547,0.12356,0.25181
1.8775,0.0004904,-3.5763e-06,0,0.90338,4.2911,0.055056,-2.5267e-06,0.05624,12.848,1.6721,2.488,0.44044,0.57618,0.0089858,0.079794,-2.8639e-06,0.1254,0.053002,0.42316,0.06474,0.25159,0.079859,0.036728,1.8164
4.1871,0,-3.5763e-06,0.018296,4.4802,0.81928,1.9005,0.047885,0.097695,1.1323,1.09,11.265,6.8253,0.45891,-6.5593e-06,3.9642,0.0094409,0.29895,0.061496,2.1666,3.31,3.5941,0.0014481,0.017321,0.41942
0.614,4.7906,-3.5763e-06,0.18736,3.5267,0.98852,1.4434,2.2878,0.15622,0.6871,0.19259,4.0226,8.6806,0.48997,0.028803,5.2978,0.37354,0.011316,0.00073362,4.6762,4.8299,0.96939,2.9923e-06,0.048916,0.082969
0,10.464,-3.5763e-06,0.38182,12.605,2.0588,5.1621,4.0252,1.8941,7.5158,1.4112,0.0030199,1.1496,0.11734,-6.5593e-06,10.077,1.2391,0.72662,0.47603,3.0984,0.35935,0.35625,0.2115,-3.566e-06,0.18175
0,14.077,-3.5763e-06,0.092285,0.82962,5.8723,7.13,3.627,0.35197,3.6415,0.2526,0.78652,0.3547,5.5795,0.036001,0.7359,4.2692,0.53816,3.8999,4.5697,0.30036,0.32755,0.075632,0.70658,0.23193
0.045947,1.8508,-3.5763e-06,4.1107,0.027592,5.8586,6.0888,1.536,-4.6184e-06,2.2386,0.44013,0.034428,4.2699,3.1777,-6.5593e-06,3.578,8.0437,0.20303,1.5075,4.2065,0.028968,4.3414,0.016753,15.227,0.27581
0.12744,2.1812,-3.5763e-06,6.7623,1.1085,6.3205,2.4397,0.49513,2.3058,1.2327,0.62441,0.0099866,3.7914,0.89017,0.026427,10.193,6.3278,0.131,0.23019,0.76054,0.0074744,3.2437,0.073471,10.612,1.7828
0.41371,2.8894,-3.5763e-06,1.6879,14.121,9.4402,2.2256,0.00010297,0.042355,5.8946,-2.4848e-06,0,0.067098,9.606e-05,0.00019076,5.3988,1.3296,0.0010072,0.15866,0.14777,0.28189,0.71879,0.0080395,4.212,2.8514
0.01714,2.916,5.5239,0,12.969,3.5658,2.4507,1.3124,0.0061232,4.1791,0.43833,0,0.75417,0.0066048,0.013065,-5.3132e-06,26.348,0.00382,0.031412,0.28361,0.17098,0.25882,2.9923e-06,0.76685,6.7219
0,0.40122,17.29,0.025621,4.5094,9.8921,0.82161,0.0094643,11.481,9.2236,1.5254,0,13.232,1.3041,0.0034554,1.4397,9.9512,0.023834,0.095194,0.19008,0.0069881,0.076729,0.035167,2.1933,0.39761
0,0,8.6974,0.16061,10.017,4.9558,1.2108,0.048285,7.3028,9.1977,1.1812,0.32817,2.1502,0.77309,0.044427,0.10133,5.2347,0.81223,0.027939,2.3707,0.00018768,0.17606,0.23151,0.6062,0.50678
0,0,15.026,0,1.1612,0.75814,0.086286,1.1236,0.97168,4.6552,0.4562,2.5874,0.016848,0.59984,0.035018,0.032653,0.22528,1.6372,0.033453,1.205,0.62624,1.7019,0.41448,0.25653,0.24049
0,0,14.187,0,3.2621,-2.6426e-06,0.87345,0.66055,0.31407,0.35911,0.061312,0.0007184,0.30864,0.1742,0.05409,2.1564,0.10476,0.93741,0.058925,2.1695,1.3983,1.4707,0.039813,0.057639,1.8116
0.29022,0,8.1046,1.9991,5.7234,0.041561,7.4256,4.4276,2.735,7.7311,0.26414,0,3.8589,0.63802,0.78647,5.1703,0.012872,1.163,0.39035,2.0078,0.045968,0.47478,0.0053499,0.18987,12.876
3.4364,0,3.8511,16.23,12.692,0.017356,4.126,4.5178,0.00038245,5.1834,3.6823,0.00036764,8.0036,0.0033751,0.50588,2.6916,0.037738,6.1316,2.6743,5.2213,4.2205,0.1015,5.532,0.3885,5.9773
2.5255,0,0.46819,17.822,3.5254,0.97708,0.58987,3.1595,-4.6184e-06,0.087989,-2.4848e-06,0.0027503,1.6849,2.1238,0.57025,0.39008,0.44545,43.939,0.75064,0.75512,0.82876,0.32486,0.53675,0.013116,2.4685
0.45707,0,3.5735,7.6427,6.0515,0.0082392,1.3672,0.61907,0.14354,0.66539,0.02123,3.7757,1.7304,2.2621,0.061443,1.1924,0.032686,27.886,9.173,0.88232,0.51893,0.16845,0.28097,0.13379,1.9487
0,0.029442,4.2301,3.6389,4.2228,2.9019,4.6236,5.1181,0.042678,1.548,0.014149,5.3506,7.6115,0.65105,-6.5593e-06,4.2618,-2.8639e-06,6.0486,2.6321,4.2797,3.7396,0.23697,2.1111,0.043259,1.4194
0.78364,5.4045,10.897,1.9262,0.0016602,2.2622,2.2147,9.4155,0.1002,9.7582,-2.4848e-06,2.8648,0.96285,6.1276,0.54572,0.025342,0.011919,2.5609,0.99733,23.361,1.9178,0.21347,12.137,-3.566e-06,0.19113
4.5942,6.8511,11.303,0.037969,1.1364,0.82529,1.6192,2.7209,0.26579,19.066,0.52517,1.2914,0.069604,7.9648,5.4753,0.00017938,0.01774,7.1214,1.0466,14.214,1.2348,0.20544,12.348,0.55803,0.32532
6.5343,5.6779,16.267,0.042877,3.6273,2.342,1.1539,1.01,2.531,11.513,3.4331,0,2.1332,0.19816,0.97034,1.967,0.68953,1.231,3.3113,10.949,0.4384,0.51003,2.6192,4.1124,0.18062
5.7808,0.75585,8.6405,0,19.373,15.332,6.3764,1.1625,1.4174,2.7389,6.1598,0.68727,4.3664,0.12131,0.0023156,6.3223,3.2008,3.8917,6.7746,8.4524,1.0637,0.60811,5.9766,0.89061,2.3575
3.2841,0.10944,0.19219,0,1.8829,2.5329,1.7679,0.56672,1.4476,2.718,3.5706,4.0258,9.1112,0.05542,-6.5593e-06,6.3893,10.253,2.3693,4.1943,2.5017,12.513,0.065265,3.8099,0.20354,3.1198
0.36861,0,0.33545,0,0.0952,0.10529,0,2.0745,-4.6184e-06,1.537,12.291,0.99679,5.6873,0,-6.5593e-06,2.643,5.0686,0.18617,4.6282,1.8392,15.464,0.93224,0.93496,0.0056278,3.0963
0.0019372,0,2.6926,1.1697,0.92011,13.397,2.5563,1.0136,-4.6184e-06,6.5796,0.011016,0.70806,5.5637,5.1336,0.0025846,1.7347,3.2799,2.9974,1.2574,1.835,1.4317,5.5046,0.16847,0.02451,0.42919
0.050519,0.60259,-3.5763e-06,8.0736,1.5271,13.24,6.7303,0.015733,-4.6184e-06,12.574,0.016392,0.20762,0.98875,0.93389,-6.5593e-06,3.9341,9.2307,3.0018,0.62962,6.801,0.73352,0.395,10.008,0.0055317,0.6885
0.077345,0.95697,0.23019,9.3979,2.4454,5.2943,1.2413,-2.5267e-06,0.25515,0.57512,0.019828,1.0426,1.5811,0.63291,5.5026,5.2565,7.7003,0.20144,0.42259,2.6336,0.12895,6.1122,9.2465,0.013666,5.8471
0.0052798,1.5321,1.0639,2.8786,3.4947,5.5063,1.7905,-2.5267e-06,0.051897,0,-2.4848e-06,0.82651,0.012877,1.2116,7.1428,7.568,9.2814,1.2082,0.41185,6.6418,0.88756,2.6189,0.73361,-3.566e-06,2.6604
0.42151,2.3699,4.4987,0.47048,4.5371,3.2387,5.5273,0.010327,18.56,0,0.10691,2.209,0.89334,3.1464,11.694,14.586,14.305,11.999,0.25346,5.3321,2.7592,0.34124,13.728,-3.566e-06,1.9443
12.58,40.475,1.8608,1.6232,2.0308,-2.6426e-06,15.42,-2.5267e-06,11.783,0,0.033122,1.5677,2.6651,10.41,2.3524,3.5584,0.47776,2.5916,0.043605,8.2452,3.9901,0.35424,12.657,-3.566e-06,0.40458
1.7966,13.006,0.19783,3.9712,4.345,-2.6426e-06,1.6804,0.016372,1.5107,0,0.62979,0,0.022371,0.16436,5.2551,11.479,3.913,6.538,0.015176,8.6457,2.1947,0.24542,3.6896,-3.566e-06,1.0385
1.0759,5.7154,0.50089,1.9046,1.7265,0.33927,0.052852,1.2237,-4.6184e-06,0.0011528,3.7331,0.49881,0.22506,0.011699,6.2974,6.2298,10.774,11.197,0.011021,1.5691,0.49313,0.24465,3.7362,0.30099,0.39159
0.12507,2.1265,2.3901,7.4612,4.5234,0.10445,2.2554,3.4246,0.095354,0.29789,2.9725,0,2.5272,0.053636,0.54295,1.7705,5.0241,10.778,0.077297,0.61,0.056181,0.4401,9.1987,0.01456,6.0547
0.058036,4.5868,3.5703,11.646,14.664,0.00079491,4.1493,0.84307,8.5515,1.4081,0.29,0,14.692,1.0976,1.1557,4.4147,0.41433,5.1424,0.49006,0.56819,2.9773,0.13666,17.469,0.00072319,22.079
0.015428,0.60788,0.17739,0.020381,6.482,-2.6426e-06,9.9628,0.22155,4.4332,0.43365,0.562,0,2.8033,2.9577,6.7405,0.82862,0.57312,10.474,2.9833,0.91685,1.0121,0.24543,1.1567,-3.566e-06,6.4019
1.623,0.34878,0.11926,0.045718,4.9591,0.1987,5.6057,0.10685,5.6239,0.14019,1.9645,0,0.49757,8.4048,16.259,0.017871,0.91229,10.902,8.1372,2.2274,0.82196,0.2611,0.28652,-3.566e-06,0.99453
0.40765,0.10321,0.088365,0.0070991,8.874,3.2335,0.64755,-2.5267e-06,11.75,0.28663,0.63553,0.13988,0.14371,11.238,1.0304,0.90571,1.9407,16.249,0.56394,0.18906,2.6913,2.6365,0.21436,-3.566e-06,0.68242
1.8247,0,2.9243,0.054038,9.2724,15.619,0.0007222,-2.5267e-06,7.0009,0.010612,0.16229,2.3013,0,3.9747,0.95706,0.057955,4.4098,11.236,0.068197,0.06687,2.3208,0.73422,0.2377,1.3969,1.8558
0.083554,0,0.35659,0,9.532,7.781,0.068852,-2.5267e-06,0.23185,0,-2.4848e-06,3.1204,0.1555,2.9163,0.16339,1.1136,11.784,9.4907,0.073776,1.2689,1.677,1.0797,0.7769,3.5353,0.54723
0.03887,0,3.3694,2.9996,7.8475,1.9061,0.50076,-2.5267e-06,0.020077,0.010392,-2.4848e-06,0.011403,6.0711,0.62579,1.546,7.0129,39.986,3.8607,0.063915,1.1722,5.1963,0.35795,0.65765,1.3782,3.1883
0,0,3.7398,4.0568,6.1163,0.20538,0,0.37385,-4.6184e-06,0.072627,-2.4848e-06,3.8214,0,0,0.0039838,2.0144,3.0624,6.9503,0.083736,0.852,6.9775,1.8648,20.486,6.5898,14.41
0,0.020477,16.573,3.7072,5.454,4.0665,0,0.76774,-4.6184e-06,0.32457,0.0019268,0.0041866,0,1.3654,0.0097108,0.19262,2.6292,0.62304,0.81375,0.23426,2.2101,8.1239,11.327,8.521,9.4249
0.41405,0.036922,9.924,15.905,0.94775,1.8743,0,0.0010593,0.33022,0,0.37443,0.095726,0,0.27011,0.026773,1.1616,4.1936,0.52274,2.7673,0.05594,6.454,6.5579,0.90174,7.7454,0.94957
0.83323,0,0.045628,7.5285,0.018194,5.2853,0,-2.5267e-06,0.0090782,0,1.076,0.14239,0,2.167,0.012861,4.7385,0.61674,0.67892,4.7593,1.0856,5.9816,0.84828,2.2219,14.499,0.25166
0,0.014904,-3.5764e-06,4.9975,1.4074,0.21147,0,-2.5267e-06,0.47868,0,0.3878,2.7462,0.37923,5.6013,0.017058,6.9897,0.0016554,0.082114,6.9219,0.83134,1.1001,3.6936,5.7573,3.1982,0.61296
0.0080848,0.0051893,8.7098,0.40078,3.8252,0.029185,0,1.5375,0.025847,0.0013913,0.12415,5.9328,8.6707,0.27095,-6.5594e-06,4.1683,0.10684,0.027965,0.45936,0.063727,6.1081,0.7638,2.3129,0.28537,0.4183
0.0080631,0.010412,32.968,5.9795,0.86284,0.0046067,0,0.13523,0.1499,0.77652,-2.4848e-06,2.3711,0.47477,1.296,0.010651,0.10806,-2.8639e-06,3.6794,0.032259,0.052024,2.0436,0.52369,3.8312,0.16819,2.3575
3.9565,10.372,8.5511,13.814,0.097128,1.6162,0,-2.5267e-06,1.033,6.8536,-2.4848e-06,1.1229,0,6.0211,0.006469,0.061491,-2.8639e-06,7.9626,0.03777,0.05287,1.5535,0.29422,0.83445,1.522,0.55737
1.6504,5.2836,1.6049,24.45,0.039044,2.0022,0,0.56788,2.0166,11.714,-2.4848e-06,0.017257,0,1.473,0.11505,0.19692,-2.8639e-06,1.4638,0.053666,0,1.4581,1.3623,0.30113,3.2341,0.51487
4.1645,6.0267,0.054989,10.411,0.079737,0.50598,0,0.64067,5.6299,6.3758,-2.4848e-06,0,0,0.83507,-6.5594e-06,0.0050779,-2.8639e-06,1.1333,0.024975,0.0016687,0.82245,4.8299,0.13906,1.7333,0.0042287
4.8862,0.28539,-3.5764e-06,13.519,1.6007,0.67454,0,0.062002,0.08209,2.5769,-2.4848e-06,0.10852,0,1.3682,0.0068593,-5.3132e-06,-2.8639e-06,7.5996,0.055784,0.9549,0.52085,5.339,0.03673,0.16058,0.12582
11.127,20.762,5.0014,0,5.9125,0.12912,0,-2.5267e-06,-4.6184e-06,1.328,-2.4848e-06,1.8771,0,0.10673,0.00079249,0.19521,0.023785,4.9067,0.032369,5.2472,0.664,6.6279,0.0027099,0.083942,15.724
4.969,15.363,6.3375,0.425,3.1772,0.45346,0,-2.5267e-06,-4.6184e-06,4.6405,-2.4848e-06,1.7796,0,0.033581,0.012044,0.48679,0.18367,19.702,0.0095745,9.6349,0.4066,0.74899,0.028599,0.017779,3.6415
0.0096642,2.5918,5.4716,2.2867,2.6075,1.2108,0,0.012375,0.073431,0.0025633,0.046411,0.45111,0,7.3235,-6.5594e-06,1.009,-2.8639e-06,22.958,0.091234,5.2679,0.87775,0.60412,0.95882,6.1962,0.28638
0,1.1777,3.626,0.064396,0.12759,0.90489,0,-2.5267e-06,0.022552,0.016464,-2.4848e-06,2.9705,0,7.5237,0.0040039,6.0839,-2.8639e-06,11.629,0.061282,10.798,0.94919,0.52998,0.97511,17.907,0.93495
0.33768,0.95871,5.5591,0,2.6421,4.697,0,-2.5267e-06,0.0026368,0.45125,0.028043,1.6948,1.2601,4.942,0.028904,2.4158,1.2511,9.4022,0.38408,19.613,0.93155,0.1472,1.7353,12.38,9.5817
0.38887,0,7.2269,0.045229,15.273,6.9876,0,2.2359,3.7353,5.0648,0.0005938,1.0639,1.1116,8.7952,0.029504,0.0137,7.2379,29.565,1.7954,5.0571,0.58038,0.031968,0.17897,7.1417,15.546
5.8065,0,2.9199,0,7.5575,4.1038,0.77531,-2.5267e-06,2.017,6.0266,-2.4848e-06,1.3186,1.2351,4.7068,0.45987,0.0038041,11.536,16.392,0.45506,3.8775,0.41341,0.23863,0.32734,6.4288,2.0504
0.98062,0,4.2239,0,1.3022,0.83902,0,0.2674,0.76832,1.5798,-2.4848e-06,1.7584,0.61074,7.1447,4.3144,-5.3132e-06,8.1448,30.358,0.37297,2.8123,0.92706,0.065229,1.069,22.792,5.9249
